decision_timestamp,entry_timestamp,side,entry_reference,jaw,stop_reference,zone_id,zone_side,zone_lower,zone_upper,zone_status,qualified_score,current_score,trigger_timestamp,trigger_open,trigger_high,trigger_low,trigger_close,one_hour_atr,one_hour_atr_timestamp,stop_buffer,long_zone_penetration_fraction,reward_to_risk,risk_zone_ratio,one_hour_reference_open,one_hour_reference_close
2021-06-02T19:45:00Z,2021-06-02T19:45:00Z,long,419.86,419.07166539411213,419.07166539411213,39,demand,419.12,419.6,active,2,2,2021-06-02T19:30:00Z,419.78,419.88,419.58,419.87,0.9666921177572588,2021-06-02T19:00:00Z,0.048334605887862946,0.041666666666745615,1.0,1.663197095599674,419.79,419.9
2021-06-04T19:15:00Z,2021-06-04T19:15:00Z,short,422.37,422.8710684243199,422.8710684243199,20,supply,422.54,422.82,touched,2,2,2021-06-04T19:00:00Z,422.5,422.54,422.34,422.38,1.0213684863977597,2021-06-04T19:00:00Z,0.051068424319887985,,1.0,1.7538158011426914,422.16,422.49
2021-06-11T15:30:00Z,2021-06-11T15:30:00Z,long,423.53,423.0847467640365,423.0847467640365,47,demand,423.1353110825644,423.26,verified,2,3,2021-06-11T15:15:00Z,423.38,423.53,423.24,423.52,1.0112863705578596,2021-06-11T15:00:00Z,0.05056431852789298,0.16039917910355278,1.0,3.4907130875386976,423.97,423.37
2021-06-21T18:15:00Z,2021-06-21T18:15:00Z,short,420.71,421.32582804374965,421.32582804374965,40,supply,420.84,421.25,verified,2,3,2021-06-21T18:00:00Z,420.75,420.91,420.52,420.71,1.5165608749928796,2021-06-21T18:00:00Z,0.07582804374964398,,1.0,1.5020196189015493,419.89,420.75
2021-08-03T14:30:00Z,2021-08-03T14:30:00Z,long,437.77,435.84611572360274,435.84611572360274,83,demand,435.911212542928,436.34,active,3,3,2021-08-03T14:15:00Z,436.39,437.97,436.25,437.76,1.3019363865060076,2021-08-03T14:30:00Z,0.06509681932530038,0.2098941993652359,1.0,4.4634800874691924,438.41,436.4
2021-08-19T16:15:00Z,2021-08-19T16:15:00Z,short,440.35,441.1127133431228,441.1127133431228,86,supply,440.85,441.03,verified,3,3,2021-08-19T16:00:00Z,440.73,441.14,440.06,440.36,1.6542668624559291,2021-08-19T16:00:00Z,0.08271334312279646,,1.0,4.181740795127628,439.51,440.73
2021-09-16T13:45:00Z,2021-09-16T13:45:00Z,short,447.1,448.53190043881455,448.53190043881455,114,supply,448.0794170958048,448.46,touched,4,4,2021-09-16T13:30:00Z,447.32,448.27,446.85,447.11,1.4380087762914484,2021-09-15T20:00:00Z,0.07190043881457242,,1.0,3.736112219284727,447.28,447.86
2021-10-15T16:45:00Z,2021-10-15T16:45:00Z,long,445.29,444.0302822795485,444.0302822795485,134,demand,444.11,444.89,verified,3,3,2021-10-15T16:30:00Z,444.99,445.33,444.81,445.3,1.5943544090300232,2021-10-15T16:00:00Z,0.07971772045150116,0.10256410256408574,1.0,1.627843231348165,445.43,444.8
2021-11-22T18:30:00Z,2021-11-22T18:30:00Z,long,470.99,470.1855055739789,470.1855055739789,177,demand,470.26,470.65,verified,2,3,2021-11-22T18:15:00Z,470.68,471.14,470.63,470.98,1.489888520421841,2021-11-22T18:00:00Z,0.07449442602109206,0.051282051282006434,1.0,2.037165194926013,470.09,470.69
2021-12-02T20:15:00Z,2021-12-02T20:15:00Z,short,457.72,459.09596619032726,459.09596619032726,166,supply,457.77,458.94,verified,4,4,2021-12-02T20:00:00Z,457.78,458.57,456.98,457.73,3.1193238065454367,2021-12-02T20:00:00Z,0.15596619032727185,,1.0,1.1674924703651484,458.28,457.75
2021-12-08T16:15:00Z,2021-12-08T16:15:00Z,long,467.61,466.10846741488496,466.10846741488496,186,demand,466.23,466.85621026216006,verified,4,4,2021-12-08T16:00:00Z,467.08,467.71,466.83,467.63,2.430651702301275,2021-12-08T16:00:00Z,0.12153258511506376,0.04185536990350186,1.0,2.429747126574835,468.14,467.08
2021-12-10T14:45:00Z,2021-12-10T14:45:00Z,short,469.22,469.66083722344786,469.66083722344786,178,supply,469.29649401092524,469.57,touched,4,4,2021-12-10T14:30:00Z,469.23,470.08,468.97,469.22,1.8167444689568861,2021-12-09T21:00:00Z,0.09083722344784431,,1.0,1.6118009881215005,467.45,466.33
2022-02-09T20:45:00Z,2022-02-09T20:45:00Z,short,456.87,458.85818574606725,458.85818574606725,244,supply,457.3,458.74,touched,2,2,2022-02-09T20:30:00Z,457.02,457.75,456.43,456.88,2.363714921344678,2022-02-09T20:00:00Z,0.11818574606723392,,1.0,1.3737401014355952,456.77,456.66
2022-02-11T16:15:00Z,2022-02-11T16:15:00Z,short,448.43,451.1624267575988,451.1624267575988,253,supply,449.9,451.02,verified,3,3,2022-02-11T16:00:00Z,449.03,450.15,448.25,448.47,2.8485351519758275,2022-02-11T16:00:00Z,0.1424267575987914,,1.0,2.4039524621417336,449.16,449.0
2022-03-09T20:00:00Z,2022-03-09T20:00:00Z,short,427.32,428.70603006306845,428.70603006306845,252,supply,427.82,428.51,verified,3,3,2022-03-09T19:45:00Z,427.76,428.12,427.07,427.32,3.920601261369048,2022-03-09T20:00:00Z,0.19603006306845241,,1.0,2.008739221838355,426.72,427.32
2022-04-07T18:30:00Z,2022-04-07T18:30:00Z,short,447.23,449.0629694157917,449.0629694157917,295,supply,447.99,448.94,active,3,3,2022-04-07T18:15:00Z,447.55,448.23,446.88,447.23,2.459388315834506,2022-04-07T18:00:00Z,0.1229694157917253,,1.0,1.9294414903070702,444.27,447.49
2022-04-14T13:45:00Z,2022-04-14T13:45:00Z,short,442.73,445.86214717518135,445.86214717518135,304,supply,444.5,445.75,active,3,3,2022-04-14T13:30:00Z,443.55,444.74,442.68,442.74,2.2429435036269845,2022-04-13T20:00:00Z,0.11214717518134923,,1.0,2.4977177401450716,442.81,443.36
2022-04-14T15:30:00Z,2022-04-14T15:30:00Z,long,442.05,440.3544062622161,440.3544062622161,276,demand,440.47,441.11,verified,2,3,2022-04-14T15:15:00Z,441.69,442.27,441.06,442.04,2.3118747556783683,2022-04-14T15:00:00Z,0.11559373778391842,0.07812500000001943,1.0,2.633740215287406,442.18,441.42
2022-06-22T17:30:00Z,2022-06-22T17:30:00Z,long,377.08,374.7609273556949,374.7609273556949,356,demand,374.93,376.28,verified,3,3,2022-06-22T17:15:00Z,376.38,377.38,376.25,377.07,3.3814528861025397,2022-06-22T17:00:00Z,0.169072644305127,0.022222222222202572,1.0,1.7104241809667868,374.67,376.44
2022-07-05T15:45:00Z,2022-07-05T15:45:00Z,long,375.07,372.38546612042893,372.38546612042893,367,demand,372.56,373.58,touched,2,2,2022-07-05T15:30:00Z,373.75,375.12,373.41,375.06,3.4906775914212864,2022-07-05T15:00:00Z,0.17453387957106434,0.16666666666662952,1.0,2.622092038795216,373.83,374.12
2022-07-27T14:45:00Z,2022-07-27T14:45:00Z,short,395.55,396.57978781191747,396.57978781191747,387,supply,395.77,396.47,active,3,3,2022-07-27T14:30:00Z,395.72,395.88,395.27,395.56,2.195756238348596,2022-07-27T14:30:00Z,0.1097878119174298,,1.0,1.4568397313105732,394.36,395.33
2022-08-05T18:30:00Z,2022-08-05T18:30:00Z,short,411.62,413.5151653944859,413.5151653944859,394,supply,412.63,413.41,verified,2,3,2022-08-05T18:15:00Z,412.14,412.67,411.62,411.63,2.1033078897174984,2022-08-05T18:00:00Z,0.10516539448587492,,1.0,2.4168787108792795,412.47,412.53
2022-09-08T15:45:00Z,2022-09-08T15:45:00Z,short,399.62,401.6978213030687,401.6978213030687,417,supply,400.38,401.56,active,3,3,2022-09-08T15:30:00Z,400.33,400.68,399.23,399.64,2.756426061373627,2022-09-08T15:00:00Z,0.13782130306868134,,1.0,1.7439163585327802,397.33,399.9
2022-09-29T15:30:00Z,2022-09-29T15:30:00Z,short,362.79,363.80825521067425,363.80825521067425,436,supply,363.02,363.65291894203955,verified,2,3,2022-09-29T15:15:00Z,362.84,363.15,362.12,362.77,3.1067253726943536,2022-09-29T15:00:00Z,0.1553362686347177,,1.0,1.6404236651987567,363.19,362.56
2022-10-25T13:45:00Z,2022-10-25T13:45:00Z,long,380.03,377.5011960765406,377.5011960765406,446,demand,377.6391407196952,378.76,verified,2,4,2022-10-25T13:30:00Z,378.79,380.27,378.71,380.01,2.7588928630917153,2022-10-24T20:00:00Z,0.13794464315458577,0.04460863275041567,1.0,2.238286257287509,379.35,378.84
2022-12-08T14:45:00Z,2022-12-08T14:45:00Z,short,393.65,395.7464020571896,395.7464020571896,479,supply,394.83,395.64,active,3,3,2022-12-08T14:30:00Z,395.14,395.35,393.63,393.65,2.1280411437925157,2022-12-07T21:00:00Z,0.1064020571896258,,1.0,2.5881506878883966,392.91,393.15
2022-12-09T14:45:00Z,2022-12-09T14:45:00Z,long,396.38,393.1999420205034,393.1999420205034,488,demand,393.3,394.22,verified,2,3,2022-12-09T14:30:00Z,394.94,396.45,394.12,396.38,2.0011595899322754,2022-12-08T21:00:00Z,0.10005797949661377,0.10869565217393588,1.0,3.4565847603223423,395.54,396.21
2022-12-14T20:45:00Z,2022-12-14T20:45:00Z,long,399.66,397.2177246033391,397.2177246033391,483,demand,397.36,397.81,verified,3,4,2022-12-14T20:30:00Z,398.7,399.68,397.7,399.64,2.845507933218878,2022-12-14T20:00:00Z,0.1422753966609439,0.24444444444448094,1.0,5.382834214802122,404.77,398.86
2022-12-15T15:45:00Z,2022-12-15T15:45:00Z,long,391.81,389.9248249090058,389.9248249090058,468,demand,390.09646287857566,390.44554686712956,active,3,3,2022-12-15T15:30:00Z,391.14,391.92,390.42,391.8,3.43275939139791,2022-12-15T15:30:00Z,0.17163796956989552,0.07318258060296093,1.0,5.371701803804394,394.31,391.58
2023-02-10T16:30:00Z,2023-02-10T16:30:00Z,short,406.86,409.03219605058655,409.03219605058655,536,supply,407.46,408.91,verified,3,4,2023-02-10T16:15:00Z,406.98,407.49,406.74,406.86,2.443921011729942,2023-02-10T16:00:00Z,0.1221960505864971,,1.0,1.4980662417837705,406.48,406.62
2023-02-24T18:30:00Z,2023-02-24T18:30:00Z,long,395.13,393.2233435624328,393.2233435624328,526,demand,393.34,394.41,rejected,3,3,2023-02-24T18:15:00Z,394.42,395.34,394.37,395.12,2.3331287513437338,2023-02-24T18:00:00Z,0.11665643756718669,0.03738317757011084,1.0,1.7725761098758335,395.88,394.66
2023-03-01T18:00:00Z,2023-03-01T18:00:00Z,short,395.62,397.3230894076686,397.3230894076686,561,supply,396.25,397.23,verified,3,3,2023-03-01T17:45:00Z,396.02,396.28,395.51,395.62,1.8617881533708986,2023-03-01T18:00:00Z,0.09308940766854494,,1.0,1.7378463343556672,395.74,395.62
2023-03-24T18:15:00Z,2023-03-24T18:15:00Z,long,394.17,392.1907273249421,392.1907273249421,567,demand,392.33,393.45,verified,3,3,2023-03-24T18:00:00Z,393.56,394.28,393.42,394.18,2.7854535011582375,2023-03-24T18:00:00Z,0.13927267505791188,0.026785714285689814,1.0,1.7761363170159916,393.31,393.56
2023-04-21T14:30:00Z,2023-04-21T14:30:00Z,long,412.06,411.01067467444096,411.01067467444096,608,demand,411.08,411.32,active,2,2,2023-04-21T14:15:00Z,411.47,412.44,411.31,412.07,1.3865065111808064,2023-04-21T14:30:00Z,0.06932532555904032,0.04166666666662719,1.0,4.413855523162457,412.2,410.95
2023-04-21T16:15:00Z,2023-04-21T16:15:00Z,short,411.66,412.3881396459823,412.3881396459823,601,supply,411.87,412.3165147479237,verified,3,3,2023-04-21T16:00:00Z,411.75,412.02,411.39,411.67,1.4324979611712028,2023-04-21T16:00:00Z,0.07162489805856014,,1.0,1.6083223439352097,410.84,411.75
2023-04-28T15:00:00Z,2023-04-28T15:00:00Z,short,413.23,415.16455849542746,415.16455849542746,605,supply,414.54,415.09,active,2,2,2023-04-28T14:45:00Z,414.04,414.76,412.88,413.25,1.4911699085496333,2023-04-28T15:00:00Z,0.07455849542748166,,1.0,3.4810154462320275,412.49,413.25
2023-05-04T19:15:00Z,2023-05-04T19:15:00Z,short,405.11,406.29924410219326,406.29924410219326,597,supply,405.67,406.2,verified,2,3,2023-05-04T19:00:00Z,405.24,406.25,405.08,405.11,1.984882043865192,2023-05-04T19:00:00Z,0.0992441021932596,,1.0,2.2438567965911393,406.15,405.25
2023-05-08T16:15:00Z,2023-05-08T16:15:00Z,short,412.21,413.27482146855743,413.27482146855743,607,supply,412.68,413.19,verified,4,4,2023-05-08T16:00:00Z,412.65,412.78,412.17,412.21,1.6964293711489844,2023-05-08T16:00:00Z,0.08482146855744922,,1.0,2.0878852324656343,412.4,412.64
2023-05-15T17:30:00Z,2023-05-15T17:30:00Z,short,412.31,413.7954075176963,413.7954075176963,626,supply,413.26,413.72,active,2,2,2023-05-15T17:15:00Z,413.23,413.33,412.22,412.29,1.50815035392554,2023-05-15T17:00:00Z,0.07540751769627702,,1.0,3.272625038469862,411.99,412.76
2023-06-27T19:00:00Z,2023-06-27T19:00:00Z,short,436.15,437.06231538512844,437.06231538512844,660,supply,436.43548077785886,436.99,active,2,2,2023-06-27T18:45:00Z,436.23,436.57,436.09,436.14,1.4463077025687385,2023-06-27T19:00:00Z,0.07231538512843692,,1.0,1.6632703579997477,436.23,436.14
2023-08-11T17:15:00Z,2023-08-11T17:15:00Z,short,444.64,445.64557467387954,445.64557467387954,696,supply,444.97,445.54,verified,2,3,2023-08-11T17:00:00Z,444.72,445.13,444.44,444.64,2.111493477590127,2023-08-11T17:00:00Z,0.10557467387950635,,1.0,1.7641660945255484,445.31,444.7
2023-08-24T14:30:00Z,2023-08-24T14:30:00Z,short,442.16,444.0475983206171,444.0475983206171,701,supply,443.34,443.97,rejected,2,3,2023-08-24T14:15:00Z,443.28,443.34,442.16,442.17,1.551966412341921,2023-08-24T14:30:00Z,0.07759832061709605,,1.0,2.9803147946300643,444.69,444.95
2023-08-31T14:45:00Z,2023-08-31T14:45:00Z,short,452.47,453.5306037488544,453.5306037488544,678,supply,452.6885423238871,453.4469453972882,active,4,4,2023-08-31T14:30:00Z,452.67,452.83,452.45,452.47,1.673167031324173,2023-08-31T14:30:00Z,0.08365835156620866,,1.0,1.3984697399735333,451.65,452.43
2023-09-12T17:45:00Z,2023-09-12T17:45:00Z,short,447.54,448.8316479503628,448.8316479503628,724,supply,448.24,448.77,active,2,2,2023-09-12T17:30:00Z,448.21,448.45,447.48,447.55,1.2329590072572707,2023-09-12T17:00:00Z,0.06164795036286354,,1.0,2.418203679929955,447.07,447.26
2023-10-13T18:45:00Z,2023-10-13T18:45:00Z,short,431.06,432.37036714572105,432.37036714572105,737,supply,431.6058171113202,432.27,verified,2,3,2023-10-13T18:30:00Z,431.45,432.12,431.02,431.05,2.007342914421427,2023-10-13T18:00:00Z,0.10036714572107136,,1.0,1.9879571850241649,432.1,431.4
2023-10-16T18:00:00Z,2023-10-16T18:00:00Z,short,436.47,437.4420315926982,437.4420315926982,752,supply,436.56,437.34,rejected,2,2,2023-10-16T17:45:00Z,436.47,436.58,436.18,436.46,2.0406318539643906,2023-10-16T18:00:00Z,0.10203159269821954,,1.0,1.2590148624336417,435.98,436.46
2024-01-03T19:30:00Z,2024-01-03T19:30:00Z,long,470.95,468.6380219517864,468.6380219517864,801,demand,468.71,469.39,active,3,3,2024-01-03T19:15:00Z,469.56,471.19,469.22,470.94,1.439560964271422,2024-01-03T19:00:00Z,0.07197804821357111,0.2499999999999373,1.0,3.385261835608178,470.29,470.08
2024-01-05T20:00:00Z,2024-01-05T20:00:00Z,short,466.82,468.38142485269464,468.38142485269464,807,supply,467.82,468.3,verified,2,3,2024-01-05T19:45:00Z,467.75,467.86,466.65,466.81,1.6284970538930044,2024-01-05T20:00:00Z,0.08142485269465022,,1.0,3.273801776447029,468.37,466.81
2024-04-01T19:15:00Z,2024-04-01T19:15:00Z,long,522.05,521.241700727907,521.241700727907,875,demand,521.3,521.78,verified,2,3,2024-04-01T19:00:00Z,521.86,522.34,521.68,522.05,1.1659854418601097,2024-04-01T19:00:00Z,0.058299272093005484,0.2083333333333728,1.0,1.6839568168603427,521.73,521.86
2024-04-08T19:45:00Z,2024-04-08T19:45:00Z,short,518.61,519.9029106288756,519.9029106288756,873,supply,519.61,519.81,verified,2,3,2024-04-08T19:30:00Z,519.25,519.7,518.48,518.62,1.8582125775126461,2024-04-08T19:00:00Z,0.09291062887563231,,1.0,6.414553144380107,519.31,519.25
2024-04-10T19:45:00Z,2024-04-10T19:45:00Z,long,514.54,512.5558673583023,512.5558673583023,888,demand,512.67,513.48,active,2,2,2024-04-10T19:30:00Z,514.26,514.61,513.41,514.55,2.2826528339524703,2024-04-10T19:00:00Z,0.11413264169762352,0.0864197530864752,1.0,2.461892150243846,513.78,512.63
2024-04-12T17:45:00Z,2024-04-12T17:45:00Z,long,510.31,508.37072742276115,508.37072742276115,855,demand,508.49,509.43,rejected,3,3,2024-04-12T17:30:00Z,509.69,510.53,509.32,510.31,2.385451544777065,2024-04-12T17:00:00Z,0.11927257723885326,0.11702127659575948,1.0,2.0630559332328273,513.43,510.57
2024-05-22T14:30:00Z,2024-05-22T14:30:00Z,short,531.13,531.6201308504899,531.6201308504899,923,supply,531.23,531.57,touched,2,2,2024-05-22T14:15:00Z,531.15,531.25,530.9,531.13,1.0026170097977969,2024-05-22T14:30:00Z,0.05013085048988985,,1.0,1.4415613249701318,530.66,531.15
2024-07-29T13:45:00Z,2024-07-29T13:45:00Z,short,546.0,547.6009530691186,547.6009530691186,959,supply,546.13,547.46,rejected,3,3,2024-07-29T13:30:00Z,546.02,546.25,544.75,546.0,2.8190613823719786,2024-07-26T20:00:00Z,0.14095306911859892,,1.0,1.2037241121192452,543.58,544.38
2024-09-03T15:30:00Z,2024-09-03T15:30:00Z,long,556.39,554.8428530776939,554.8428530776939,1001,demand,554.98,556.03,touched,2,2,2024-09-03T15:15:00Z,556.37,556.77,555.95,556.38,2.7429384461224506,2024-09-03T15:00:00Z,0.13714692230612255,0.0761904761904102,1.0,1.4639494498153762,559.12,555.34
2024-11-20T15:30:00Z,2024-11-20T15:30:00Z,long,585.72,583.7601351532195,583.7601351532195,1078,demand,583.86,584.71,active,2,2,2024-11-20T15:15:00Z,585.66,586.22,584.63,585.71,1.9972969356093597,2024-11-20T15:30:00Z,0.09986484678046799,0.09411764705886916,1.0,2.293958643271165,590.38,587.43
2024-12-17T20:45:00Z,2024-12-17T20:45:00Z,long,604.03,602.2762256672933,602.2762256672933,1088,demand,602.34,602.978688370674,active,2,2,2024-12-17T20:30:00Z,603.09,604.06,602.96,604.03,1.275486654135294,2024-12-17T20:00:00Z,0.0637743327067647,0.02926054635107474,1.0,2.745899899282596,604.24,603.41
2025-01-13T20:15:00Z,2025-01-13T20:15:00Z,short,580.31,582.0517500272068,582.0517500272068,1107,supply,580.5,581.9,verified,2,4,2025-01-13T20:00:00Z,580.47,580.67,579.93,580.33,3.0350005441358525,2025-01-13T20:00:00Z,0.15175002720679265,,1.0,1.2298214480048635,580.01,580.48
2025-01-14T15:30:00Z,2025-01-14T15:30:00Z,short,583.18,585.5094375234589,585.5094375234589,1112,supply,584.41,585.36,verified,2,3,2025-01-14T15:15:00Z,584.06,584.64,582.87,583.15,2.9887504691783646,2025-01-14T15:30:00Z,0.14943752345891823,,1.0,2.4836184457461448,584.32,582.3
2025-01-23T18:30:00Z,2025-01-23T18:30:00Z,short,608.0,608.5575063022812,608.5575063022812,1089,supply,608.13,608.48,active,3,3,2025-01-23T18:15:00Z,608.02,608.3,607.9,607.99,1.5501260456240433,2025-01-23T18:00:00Z,0.07750630228120217,,1.0,1.621446577946269,607.25,607.68
2025-01-29T15:15:00Z,2025-01-29T15:15:00Z,long,603.36,601.7258911013001,601.7258911013001,1095,demand,601.84,602.8257918273472,verified,3,4,2025-01-29T15:00:00Z,603.31,604.13,602.82,603.35,2.2821779739971437,2025-01-28T21:00:00Z,0.11410889869985719,0.005875304690570361,1.0,1.6475171061931928,605.14,604.49
2025-02-03T14:45:00Z,2025-02-03T14:45:00Z,long,593.38,590.6260204240001,590.6260204240001,1111,demand,590.76,592.03,active,4,4,2025-02-03T14:30:00Z,592.67,594.37,591.9,593.39,2.679591519996716,2025-01-31T21:00:00Z,0.13397957599983581,0.10236220472440734,1.0,2.176361870866081,603.6,601.8
2025-02-10T16:15:00Z,2025-02-10T16:15:00Z,short,604.65,606.0964939980983,606.0964939980983,1128,supply,604.94,605.98,verified,3,4,2025-02-10T16:00:00Z,604.85,605.13,604.53,604.66,2.3298799619647457,2025-02-10T16:00:00Z,0.1164939980982373,,1.0,1.3812442289407074,603.51,604.87
2025-02-11T16:30:00Z,2025-02-11T16:30:00Z,short,604.62,605.4699750108825,605.4699750108825,1131,supply,604.87,605.37,touched,3,3,2025-02-11T16:15:00Z,604.79,605.05,604.5,604.58,1.9995002176505225,2025-02-11T16:00:00Z,0.09997501088252614,,1.0,1.7799500217649893,603.31,604.71
2025-02-14T17:45:00Z,2025-02-14T17:45:00Z,short,609.28,610.8747916712216,610.8747916712216,1129,supply,609.46,610.78,touched,2,2,2025-02-14T17:30:00Z,609.35,609.58,609.07,609.25,1.8958334244334518,2025-02-14T17:00:00Z,0.09479167122167259,,1.0,1.2309027812285451,610.53,610.23
2025-02-18T18:15:00Z,2025-02-18T18:15:00Z,short,610.13,611.0756043437373,611.0756043437373,1148,supply,610.51,611.0,active,2,2,2025-02-18T18:00:00Z,610.34,610.66,609.97,610.12,1.5120868747443699,2025-02-18T18:00:00Z,0.0756043437372185,,1.0,1.9502129464025426,610.24,610.35
2025-02-21T17:15:00Z,2025-02-21T17:15:00Z,short,606.4,608.2181254623868,608.2181254623868,1140,supply,607.09,608.13,verified,2,3,2025-02-21T17:00:00Z,606.8,607.13,606.26,606.4,1.7625092477345206,2025-02-21T17:00:00Z,0.08812546238672603,,1.0,1.7481975599873443,606.84,606.81
2025-03-19T19:45:00Z,2025-03-19T19:45:00Z,long,569.25,565.4691379133859,565.4691379133859,1168,demand,565.63,567.1,verified,3,3,2025-03-19T19:30:00Z,567.2,569.36,566.94,569.22,3.2172417322821514,2025-03-19T19:00:00Z,0.16086208661410759,0.1088435374149423,1.0,2.551606861642211,563.18,568.25
2025-04-25T14:45:00Z,2025-04-25T14:45:00Z,long,546.75,541.3124792009165,541.3124792009165,1197,demand,541.52,544.28,verified,2,3,2025-04-25T14:30:00Z,544.6,546.94,543.69,546.78,4.1504159816691635,2025-04-25T14:30:00Z,0.2075207990834582,0.21376811594200004,1.0,1.9809857967693707,546.65,544.88
2025-05-21T15:00:00Z,2025-05-21T15:00:00Z,long,590.66,587.9664611732053,587.9664611732053,1222,demand,588.09,589.08,touched,3,3,2025-05-21T14:45:00Z,589.32,590.7,588.87,590.65,2.4707765358943488,2025-05-21T15:00:00Z,0.12353882679471745,0.21212121212124693,1.0,2.7106452795905693,589.84,590.65
2025-08-22T16:15:00Z,2025-08-22T16:15:00Z,short,645.4,646.315560162494,646.315560162494,1295,supply,645.62,646.19,touched,2,2,2025-08-22T16:00:00Z,645.42,645.91,645.22,645.41,2.511203249879276,2025-08-22T16:00:00Z,0.12556016249396382,,1.0,1.5887020394630154,645.65,645.41
2025-08-29T19:45:00Z,2025-08-29T19:45:00Z,long,644.77,643.2160693294414,643.2160693294414,1301,demand,643.2897262326155,644.11,verified,3,4,2025-08-29T19:30:00Z,644.58,644.89,644.08,644.78,1.4731380634807139,2025-08-29T19:00:00Z,0.0736569031740357,0.036573155442517796,1.0,1.9065959838570123,644.65,644.49
2025-09-26T18:15:00Z,2025-09-26T18:15:00Z,short,661.31,662.2656926279612,662.2656926279612,1327,supply,661.46,662.1521605218844,rejected,3,4,2025-09-26T18:00:00Z,661.34,661.61,660.85,661.33,2.2706421215373167,2025-09-26T18:00:00Z,0.11353210607686584,,1.0,1.3518433923590765,661.33,661.35
2025-10-08T19:00:00Z,2025-10-08T19:00:00Z,short,672.24,673.0598001065101,673.0598001065101,1345,supply,672.4671980567448,672.99,touched,2,2,2025-10-08T18:45:00Z,672.39,672.49,672.17,672.25,1.3960021302018624,2025-10-08T19:00:00Z,0.06980010651009312,,1.0,1.54896154644705,672.64,672.25
2025-10-20T16:30:00Z,2025-10-20T16:30:00Z,long,670.81,668.8548393018217,668.8548393018217,1351,demand,669.02,670.23,verified,3,3,2025-10-20T16:15:00Z,670.34,670.94,670.21,670.81,3.3032139635660402,2025-10-20T16:00:00Z,0.16516069817830203,0.016528925619819182,1.0,1.6158352877505688,671.22,670.55
2025-10-21T15:15:00Z,2025-10-21T15:15:00Z,short,672.44,674.0816442635262,674.0816442635262,1350,supply,672.7328544502423,673.95,active,3,3,2025-10-21T15:00:00Z,672.58,672.74,672.2,672.46,2.6328852705221473,2025-10-21T15:00:00Z,0.13164426352610736,,1.0,1.3323338887849996,670.56,672.57
2025-10-22T18:45:00Z,2025-10-22T18:45:00Z,long,665.93,664.1072630156258,664.1072630156258,1341,demand,664.24,665.28,verified,3,4,2025-10-22T18:30:00Z,665.65,666.36,665.05,665.95,2.6547396874840383,2025-10-22T18:00:00Z,0.13273698437420192,0.22115384615387138,1.0,1.7718624849753075,667.3,664.74
2025-11-11T20:45:00Z,2025-11-11T20:45:00Z,long,683.09,681.1946135574691,681.1946135574691,1367,demand,681.32,682.6909497442648,verified,4,4,2025-11-11T20:30:00Z,682.9,683.11,682.49,683.1,2.5077288506181596,2025-11-11T20:00:00Z,0.125386442530908,0.1465770318025485,1.0,1.3898295327760533,683.2,683.14
2025-12-04T14:45:00Z,2025-12-04T14:45:00Z,short,683.84,685.9061666529008,685.9061666529008,1370,supply,684.6751468164755,685.8,rejected,2,2,2025-12-04T14:30:00Z,685.3,685.37,683.63,683.86,2.123333058015214,2025-12-03T21:00:00Z,0.10616665290076072,,1.0,1.819052195318118,684.63,683.81
2025-12-10T15:15:00Z,2025-12-10T15:15:00Z,short,683.03,683.903010449614,683.903010449614,1389,supply,683.3319649060243,683.82,verified,2,4,2025-12-10T15:00:00Z,683.12,683.44,682.72,683.02,1.6602089922806187,2025-12-09T21:00:00Z,0.08301044961403094,,1.0,1.8093175275995221,683.63,683.05
2025-12-10T19:30:00Z,2025-12-10T19:30:00Z,short,684.21,685.4753384766551,685.4753384766551,1393,supply,684.97,685.39,active,3,3,2025-12-10T19:15:00Z,684.76,685.57,683.24,684.21,1.7067695331016277,2025-12-10T19:00:00Z,0.08533847665508139,,1.0,3.0127106587028516,683.83,682.87
2025-12-15T16:15:00Z,2025-12-15T16:15:00Z,short,681.04,682.24043296693,682.24043296693,1388,supply,681.33408678624,682.11,verified,4,4,2025-12-15T16:00:00Z,681.14,681.89,680.56,681.03,2.6086593385992285,2025-12-15T16:00:00Z,0.13043296692996142,,1.0,1.5600107659779026,682.43,681.15
2025-12-19T15:15:00Z,2025-12-19T15:15:00Z,short,679.59,681.0130088216924,681.0130088216924,1373,supply,680.03,680.86,active,5,5,2025-12-19T15:00:00Z,679.81,680.52,679.21,679.58,3.0601764338482,2025-12-18T21:00:00Z,0.15300882169241,,1.0,1.726516652641357,675.71,676.48
2026-01-23T16:30:00Z,2026-01-23T16:30:00Z,short,690.06,691.2725262878107,691.2725262878107,1426,supply,690.63,691.13,touched,3,3,2026-01-23T16:15:00Z,690.6,690.81,689.92,690.07,2.850525756214349,2026-01-23T16:00:00Z,0.14252628781071747,,1.0,2.405052575621312,688.83,690.48
2026-02-03T14:45:00Z,2026-02-03T14:45:00Z,short,695.2,697.1845028871252,697.1845028871252,1441,supply,696.35,697.06,active,2,2,2026-02-03T14:30:00Z,696.21,696.96,694.9,695.19,2.4900577425040598,2026-02-02T21:00:00Z,0.124502887125203,,1.0,2.8091589959511825,695.52,695.46
2026-02-11T14:45:00Z,2026-02-11T14:45:00Z,short,695.42,696.6672268986518,696.6672268986518,1427,supply,695.52,696.54,active,4,4,2026-02-11T14:30:00Z,696.43,697.14,695.14,695.41,2.544537973037111,2026-02-10T21:00:00Z,0.12722689865185555,,1.0,1.2325753908351977,693.76,692.09
2026-02-12T15:30:00Z,2026-02-12T15:30:00Z,short,693.08,694.922839359095,694.922839359095,1423,supply,693.52,694.79,verified,3,4,2026-02-12T15:15:00Z,693.37,693.73,692.51,693.07,2.6567871818988884,2026-02-12T15:30:00Z,0.13283935909494443,,1.0,1.4589286292086043,694.28,692.83
2026-02-13T18:00:00Z,2026-02-13T18:00:00Z,short,685.11,687.0055004059355,687.0055004059355,1413,supply,685.8535658214627,686.84,verified,4,5,2026-02-13T17:45:00Z,685.68,686.05,684.86,685.1,3.310008118710017,2026-02-13T18:00:00Z,0.16550040593550086,,1.0,1.931705578937772,684.75,685.1
2026-02-25T16:30:00Z,2026-02-25T16:30:00Z,long,691.48,689.0454145220291,689.0454145220291,1453,demand,689.18,690.6973876717896,verified,3,3,2026-02-25T16:15:00Z,691.13,691.58,690.69,691.47,2.691709559417306,2026-02-25T16:00:00Z,0.1345854779708653,0.0048686778776769815,1.0,1.597868180325586,691.32,690.84
2026-03-06T16:15:00Z,2026-03-06T16:15:00Z,short,674.18,677.8634942691181,677.8634942691181,1432,supply,675.79,677.65,verified,2,4,2026-03-06T16:00:00Z,674.96,676.01,674.06,674.19,4.2698853823617124,2026-03-06T16:00:00Z,0.21349426911808564,,1.0,1.9749969188806358,670.91,674.92
2026-04-10T13:45:00Z,2026-04-10T13:45:00Z,short,680.87,683.5192226529612,683.5192226529612,1469,supply,681.64,683.36,active,3,3,2026-04-10T13:30:00Z,681.3,681.93,680.51,680.86,3.1844530592218363,2026-04-09T20:00:00Z,0.15922265296109184,,1.0,1.5460596819541312,679.13,679.87
2026-06-29T15:30:00Z,2026-06-29T15:30:00Z,long,737.76,735.1308344586504,735.1308344586504,1523,demand,735.4,736.53,verified,4,4,2026-06-29T15:15:00Z,737.48,737.82,736.33,737.77,5.38331082699146,2026-06-29T15:00:00Z,0.269165541349573,0.17699115044241823,1.0,2.335544726858061,736.87,737.86
2026-07-13T15:00:00Z,2026-07-13T15:00:00Z,long,752.74,749.6906275977119,749.6906275977119,1559,demand,749.8038968563882,751.31,verified,3,5,2026-07-13T14:45:00Z,751.51,752.79,751.0,752.74,2.2653851735249653,2026-07-13T15:00:00Z,0.11326925867624826,0.20582919656919263,1.0,2.024677005172061,753.63,752.74
