decision_timestamp,entry_timestamp,side,entry_reference,jaw,stop_reference,zone_id,zone_side,zone_lower,zone_upper,zone_status,qualified_score,current_score,trigger_timestamp,trigger_open,trigger_high,trigger_low,trigger_close,one_hour_atr,one_hour_atr_timestamp,stop_buffer,reward_to_risk
2021-03-16T15:15:00Z,2021-03-16T15:15:00Z,short,323.65,324.56511056279095,324.56511056279095,176,supply,324.0043280064849,324.45,touched,2,2,2021-03-16T15:00:00Z,323.87,324.1,323.53,323.67,2.3022112558193646,2021-03-16T15:00:00Z,0.11511056279096823,1.0
2021-04-21T19:00:00Z,2021-04-21T19:00:00Z,long,337.73,336.82144643262995,336.82144643262995,212,demand,336.9,337.58,verified,3,3,2021-04-21T18:45:00Z,337.69,337.82,337.58,337.74,1.5710713474000462,2021-04-21T19:00:00Z,0.07855356737000231,1.0
2021-04-27T13:45:00Z,2021-04-27T13:45:00Z,short,341.01,342.29504031332414,342.29504031332414,217,supply,341.97447627254206,342.23,active,2,2,2021-04-27T13:30:00Z,341.93,342.15,340.98,341.0,1.3008062664823825,2021-04-26T20:00:00Z,0.06504031332411912,1.0
2021-05-18T14:45:00Z,2021-05-18T14:45:00Z,short,326.11,327.48680135314567,327.48680135314567,239,supply,326.45,327.39,active,3,3,2021-05-18T14:30:00Z,326.32,326.55,325.91,326.09,1.9360270629135186,2021-05-18T14:30:00Z,0.09680135314567594,1.0
2021-05-19T18:15:00Z,2021-05-19T18:15:00Z,short,320.27,322.50404861336676,322.50404861336676,244,supply,321.45,322.4,verified,3,3,2021-05-19T18:00:00Z,321.02,321.72,319.54,320.28,2.0809722673353983,2021-05-19T18:00:00Z,0.10404861336676992,1.0
2021-07-23T13:45:00Z,2021-07-23T13:45:00Z,short,364.52,365.5528659902754,365.5528659902754,293,supply,365.14,365.49,active,2,2,2021-07-23T13:30:00Z,365.31,365.5,364.04,364.51,1.257319805508199,2021-07-22T20:00:00Z,0.06286599027540996,1.0
2021-08-18T18:15:00Z,2021-08-18T18:15:00Z,short,364.56,366.94820033448985,366.94820033448985,308,supply,366.27,366.88,active,4,4,2021-08-18T18:00:00Z,365.23,366.41,364.31,364.57,1.3640066897967509,2021-08-18T18:00:00Z,0.06820033448983755,1.0
2021-08-20T18:30:00Z,2021-08-20T18:30:00Z,short,367.14,368.16386446967977,368.16386446967977,306,supply,367.35,368.08,active,3,3,2021-08-20T18:15:00Z,367.26,367.36,366.99,367.13,1.6772893935955864,2021-08-20T18:00:00Z,0.08386446967977933,1.0
2021-09-09T16:30:00Z,2021-09-09T16:30:00Z,long,381.02,380.3135266564914,380.3135266564914,335,demand,380.37,380.76,verified,3,3,2021-09-09T16:15:00Z,381.0,381.18,380.71,381.03,1.1294668701724657,2021-09-09T16:00:00Z,0.05647334350862329,1.0
2021-09-10T15:45:00Z,2021-09-10T15:45:00Z,long,379.38,378.29367796996956,378.29367796996956,336,demand,378.36,378.89,active,2,2,2021-09-10T15:30:00Z,378.93,379.46,378.78,379.38,1.3264406006094236,2021-09-10T15:00:00Z,0.06632203003047119,1.0
2021-10-11T17:45:00Z,2021-10-11T17:45:00Z,long,360.37,359.23979175631496,359.23979175631496,364,demand,359.33,360.07,verified,3,3,2021-10-11T17:30:00Z,360.16,360.54,359.97,360.4,1.8041648737010754,2021-10-11T17:00:00Z,0.09020824368505377,1.0
2021-10-20T18:15:00Z,2021-10-20T18:15:00Z,long,374.67,373.3124334142191,373.3124334142191,351,demand,373.37,374.27719620624856,verified,3,3,2021-10-20T18:00:00Z,374.32,374.71,374.25,374.68,1.1513317156185194,2021-10-20T18:00:00Z,0.05756658578092597,1.0
2021-10-26T17:15:00Z,2021-10-26T17:15:00Z,long,379.04,377.75890763726073,377.75890763726073,350,demand,377.84,378.61,verified,2,3,2021-10-26T17:00:00Z,378.74,379.19,378.55,379.03,1.6218472547848115,2021-10-26T17:00:00Z,0.08109236273924059,1.0
2021-10-27T15:00:00Z,2021-10-27T15:00:00Z,short,380.76,382.2336146511471,382.2336146511471,344,supply,381.67,382.15,rejected,2,2,2021-10-27T14:45:00Z,380.88,381.76,380.55,380.75,1.6722930229421098,2021-10-27T15:00:00Z,0.08361465114710549,1.0
2021-12-01T16:45:00Z,2021-12-01T16:45:00Z,short,399.67,401.33033594229823,401.33033594229823,399,supply,399.99,401.19,active,4,4,2021-12-01T16:30:00Z,399.98,400.28,399.22,399.64,2.8067188459648946,2021-12-01T16:00:00Z,0.14033594229824473,1.0
2021-12-01T19:30:00Z,2021-12-01T19:30:00Z,long,394.56,391.6061727167532,391.6061727167532,408,demand,391.75,393.06,active,4,4,2021-12-01T19:15:00Z,393.72,394.8,392.79,394.6,2.8765456649361805,2021-12-01T19:00:00Z,0.14382728324680902,1.0
2021-12-08T20:15:00Z,2021-12-08T20:15:00Z,short,398.79,400.6023736609254,400.6023736609254,409,supply,399.1,400.48,touched,3,3,2021-12-08T20:00:00Z,399.09,399.19,398.59,398.76,2.4474732185085375,2021-12-08T20:00:00Z,0.12237366092542688,1.0
2021-12-16T14:45:00Z,2021-12-16T14:45:00Z,short,395.9,398.4803329007287,398.4803329007287,417,supply,397.52,398.33,active,4,4,2021-12-16T14:30:00Z,398.04,398.48,395.32,395.82,3.006658014574328,2021-12-15T21:00:00Z,0.1503329007287164,1.0
2021-12-17T17:00:00Z,2021-12-17T17:00:00Z,long,385.75,383.45473209980946,383.45473209980946,432,demand,383.63,384.94,rejected,3,3,2021-12-17T16:45:00Z,385.37,385.85,384.42,385.8,3.505358003810296,2021-12-17T17:00:00Z,0.1752679001905148,1.0
2022-02-16T17:15:00Z,2022-02-16T17:15:00Z,short,352.38,354.23263374679215,354.23263374679215,466,supply,352.8,354.08,verified,3,3,2022-02-16T17:00:00Z,352.58,352.96,352.21,352.35,3.052674935842766,2022-02-16T17:00:00Z,0.15263374679213831,1.0
2022-04-18T17:00:00Z,2022-04-18T17:00:00Z,long,336.54,334.7880611401598,334.7880611401598,493,demand,334.92,336.38,verified,3,3,2022-04-18T16:45:00Z,336.47,336.79,336.14,336.55,2.638777196804028,2022-04-18T17:00:00Z,0.1319388598402014,1.0
2022-04-19T19:45:00Z,2022-04-19T19:45:00Z,short,345.86,347.81469232216284,347.81469232216284,529,supply,346.36,347.69,active,2,2,2022-04-19T19:30:00Z,346.3,346.67,345.73,345.85,2.493846443257,2022-04-19T19:00:00Z,0.12469232216285,1.0
2022-05-17T17:00:00Z,2022-05-17T17:00:00Z,short,303.85,306.034154446598,306.034154446598,550,supply,304.54,305.84,rejected,3,3,2022-05-17T16:45:00Z,304.4,304.69,303.7,303.85,3.8830889319608235,2022-05-17T17:00:00Z,0.19415444659804118,1.0
2022-06-29T15:15:00Z,2022-06-29T15:15:00Z,short,283.57,285.31220035204234,285.31220035204234,587,supply,284.0,285.18,verified,2,3,2022-06-29T15:00:00Z,283.95,284.16,283.03,283.57,2.6440070408471583,2022-06-29T15:00:00Z,0.13220035204235792,1.0
2022-07-05T17:00:00Z,2022-07-05T17:00:00Z,short,281.48,283.60626020884155,283.60626020884155,585,supply,282.13,283.45,active,3,3,2022-07-05T16:45:00Z,282.12,282.13,281.32,281.46,3.125204176830841,2022-07-05T17:00:00Z,0.15626020884154207,1.0
2022-07-08T19:15:00Z,2022-07-08T19:15:00Z,short,295.86,296.8748231007396,296.8748231007396,591,supply,296.0,296.75,active,2,2,2022-07-08T19:00:00Z,295.95,296.1,295.37,295.85,2.4964620147922605,2022-07-08T19:00:00Z,0.12482310073961303,1.0
2022-07-11T19:30:00Z,2022-07-11T19:30:00Z,long,289.2,287.89729944010065,287.89729944010065,601,demand,288.02,288.91,active,3,3,2022-07-11T19:15:00Z,289.01,289.31,288.76,289.18,2.454011197986999,2022-07-11T19:00:00Z,0.12270055989934997,1.0
2022-07-14T14:45:00Z,2022-07-14T14:45:00Z,long,280.98,279.878731326425,279.878731326425,588,demand,280.02,280.66,active,3,3,2022-07-14T14:30:00Z,280.84,281.84,280.31,280.99,2.8253734714991667,2022-07-14T14:30:00Z,0.14126867357495834,1.0
2022-07-14T18:45:00Z,2022-07-14T18:45:00Z,short,286.68,288.27910782189645,288.27910782189645,607,supply,286.9,288.14,active,3,3,2022-07-14T18:30:00Z,286.82,287.52,286.56,286.69,2.782156437929185,2022-07-14T18:00:00Z,0.13910782189645926,1.0
2022-08-10T17:45:00Z,2022-08-10T17:45:00Z,long,325.18,323.57828760675994,323.57828760675994,623,demand,323.7,324.72,verified,2,3,2022-08-10T17:30:00Z,324.78,325.19,324.46,325.17,2.4342478648006134,2022-08-10T17:00:00Z,0.12171239324003068,1.0
2022-09-14T19:45:00Z,2022-09-14T19:45:00Z,long,294.55,292.66150332344796,292.66150332344796,650,demand,292.78,293.62,active,3,3,2022-09-14T19:30:00Z,293.79,294.74,293.06,294.58,2.3699335310401173,2022-09-14T19:00:00Z,0.11849667655200587,1.0
2022-09-27T14:15:00Z,2022-09-27T14:15:00Z,short,277.26,279.75314706411586,279.75314706411586,664,supply,278.38,279.62,active,3,3,2022-09-27T14:00:00Z,278.31,278.45,276.25,277.27,2.6629412823176364,2022-09-26T20:00:00Z,0.1331470641158818,1.0
2022-10-19T18:30:00Z,2022-10-19T18:30:00Z,long,270.31,268.59051756899436,268.59051756899436,671,demand,268.74,270.15,active,4,4,2022-10-19T18:15:00Z,270.19,270.54,269.82,270.32,2.9896486201126597,2022-10-19T18:00:00Z,0.149482431005633,1.0
2022-11-02T18:15:00Z,2022-11-02T18:15:00Z,long,276.34,271.0822988387996,271.0822988387996,681,demand,271.18,272.3718057773427,rejected,3,3,2022-11-02T18:00:00Z,273.18,277.98,272.02,276.35,1.9540232240082713,2022-11-02T18:00:00Z,0.09770116120041357,1.0
2022-11-04T14:00:00Z,2022-11-04T14:00:00Z,long,263.48,259.96090920409307,259.96090920409307,682,demand,260.1,260.64,active,2,2,2022-11-04T13:45:00Z,260.95,263.57,260.57,263.46,2.7818159181393476,2022-11-03T20:00:00Z,0.13909079590696738,1.0
2022-11-17T14:45:00Z,2022-11-17T14:45:00Z,long,282.42,281.0820225018905,281.0820225018905,693,demand,281.21,282.07,verified,2,3,2022-11-17T14:30:00Z,280.93,282.45,280.72,282.42,2.5595499621896587,2022-11-16T21:00:00Z,0.12797749810948295,1.0
2022-11-30T18:45:00Z,2022-11-30T18:45:00Z,long,284.45,280.64014465933985,280.64014465933985,712,demand,280.72,281.27000810769795,verified,2,3,2022-11-30T18:30:00Z,281.49,285.24,280.72,284.46,1.5971068132039004,2022-11-30T18:00:00Z,0.07985534066019502,1.0
2022-12-05T15:45:00Z,2022-12-05T15:45:00Z,long,290.52,288.25018568496665,288.25018568496665,717,demand,288.36,289.46,active,3,3,2022-12-05T15:30:00Z,289.52,290.59,289.0,290.52,2.196286300667693,2022-12-05T15:30:00Z,0.10981431503338467,1.0
2022-12-27T15:15:00Z,2022-12-27T15:15:00Z,long,264.12,262.34895265824133,262.34895265824133,707,demand,262.45,263.41978916034174,active,2,2,2022-12-27T15:00:00Z,263.82,264.18,263.03,264.12,2.0209468351731767,2022-12-23T21:00:00Z,0.10104734175865884,1.0
2023-02-08T20:30:00Z,2023-02-08T20:30:00Z,long,304.16,302.0805375551152,302.0805375551152,771,demand,302.22,303.70082228930505,active,2,2,2023-02-08T20:15:00Z,303.9,304.42,303.67,304.16,2.789248897696235,2023-02-08T20:00:00Z,0.13946244488481174,1.0
2023-02-15T14:45:00Z,2023-02-15T14:45:00Z,long,305.99,303.5464885686527,303.5464885686527,770,demand,303.67,304.94,verified,3,4,2023-02-15T14:30:00Z,304.9,306.48,304.88,306.01,2.470228626946038,2023-02-14T21:00:00Z,0.1235114313473019,1.0
2023-02-24T16:15:00Z,2023-02-24T16:15:00Z,long,290.61,289.51584489704504,289.51584489704504,759,demand,289.63,290.21,touched,3,3,2023-02-24T16:00:00Z,290.36,290.84,290.06,290.61,2.2831020590994724,2023-02-24T16:00:00Z,0.11415510295497362,1.0
2023-03-01T17:30:00Z,2023-03-01T17:30:00Z,short,292.25,293.63766598649005,293.63766598649005,785,supply,292.55,293.5466787770587,verified,2,3,2023-03-01T17:15:00Z,292.37,292.7,292.2,292.24,1.819744188628054,2023-03-01T17:00:00Z,0.0909872094314027,1.0
2023-03-03T16:45:00Z,2023-03-03T16:45:00Z,short,296.75,298.2905365356305,298.2905365356305,777,supply,297.25,298.2,touched,3,3,2023-03-03T16:30:00Z,296.97,297.27,296.58,296.75,1.8107307126103103,2023-03-03T16:00:00Z,0.09053653563051552,1.0
2023-03-15T16:00:00Z,2023-03-15T16:00:00Z,short,295.78,298.06197015503113,298.06197015503113,788,supply,296.83,297.93,active,3,3,2023-03-15T15:45:00Z,296.09,297.04,295.73,295.79,2.6394031006225127,2023-03-15T16:00:00Z,0.13197015503112564,1.0
2023-03-17T19:15:00Z,2023-03-17T19:15:00Z,long,305.07,303.21521474417256,303.21521474417256,795,demand,303.34,304.45,active,3,3,2023-03-17T19:00:00Z,304.66,305.25,304.23,305.08,2.4957051165488253,2023-03-17T19:00:00Z,0.12478525582744127,1.0
2023-03-27T17:15:00Z,2023-03-27T17:15:00Z,short,308.27,309.51406330250074,309.51406330250074,781,supply,308.86,309.4,verified,2,4,2023-03-27T17:00:00Z,308.51,308.9,308.13,308.27,2.2812660500149313,2023-03-27T17:00:00Z,0.11406330250074657,1.0
2023-04-12T13:45:00Z,2023-04-12T13:45:00Z,short,316.3,318.11168401629317,318.11168401629317,816,supply,317.42,318.04,active,4,4,2023-04-12T13:30:00Z,317.82,318.42,316.07,316.29,1.433680325862907,2023-04-11T20:00:00Z,0.07168401629314534,1.0
2023-04-13T16:15:00Z,2023-04-13T16:15:00Z,short,317.46,318.6376840738652,318.6376840738652,821,supply,317.82,318.55,active,2,2,2023-04-13T16:00:00Z,317.52,317.88,317.41,317.47,1.7536814773042535,2023-04-13T16:00:00Z,0.08768407386521268,1.0
2023-04-17T16:30:00Z,2023-04-17T16:30:00Z,long,316.53,315.5243456149252,315.5243456149252,814,demand,315.61,316.32,active,3,3,2023-04-17T16:15:00Z,316.45,316.54,316.04,316.53,1.7130877014963475,2023-04-17T16:00:00Z,0.08565438507481737,1.0
2023-04-20T13:45:00Z,2023-04-20T13:45:00Z,long,317.12,315.9716653197358,315.9716653197358,831,demand,316.04,316.73,active,2,2,2023-04-20T13:30:00Z,315.69,317.16,315.57,317.12,1.3666936052841308,2023-04-19T20:00:00Z,0.06833468026420654,1.0
2023-04-21T13:45:00Z,2023-04-21T13:45:00Z,long,316.02,315.2337224636063,315.2337224636063,824,demand,315.31,315.74641863617404,active,3,3,2023-04-21T13:30:00Z,315.91,316.3,315.44,315.99,1.5255507278741276,2023-04-20T20:00:00Z,0.07627753639370638,1.0
2023-04-28T15:00:00Z,2023-04-28T15:00:00Z,short,319.84,321.7110171749609,321.7110171749609,817,supply,320.83896637862654,321.63,rejected,2,2,2023-04-28T14:45:00Z,320.75,321.24,319.46,319.83,1.6203434992173449,2023-04-28T15:00:00Z,0.08101717496086724,1.0
2023-07-06T17:45:00Z,2023-07-06T17:45:00Z,long,367.33,365.5840062774356,365.5840062774356,885,demand,365.67,366.52,verified,2,3,2023-07-06T17:30:00Z,366.92,367.35,366.44,367.32,1.7198744512879969,2023-07-06T17:00:00Z,0.08599372256439985,1.0
2023-07-28T19:30:00Z,2023-07-28T19:30:00Z,short,383.33,384.8279177765332,384.8279177765332,908,supply,383.91,384.71,active,2,2,2023-07-28T19:15:00Z,383.91,384.04,383.3,383.33,2.3583555306643413,2023-07-28T19:00:00Z,0.11791777653321707,1.0
2023-08-02T17:45:00Z,2023-08-02T17:45:00Z,short,374.87,376.2689447777489,376.2689447777489,907,supply,375.18,376.17,verified,2,3,2023-08-02T17:30:00Z,375.03,375.44,374.75,374.87,1.9788955549781675,2023-08-02T17:00:00Z,0.09894477774890838,1.0
2023-08-07T15:45:00Z,2023-08-07T15:45:00Z,long,372.48,371.49231322495217,371.49231322495217,893,demand,371.6,372.01,touched,3,3,2023-08-07T15:30:00Z,372.1,372.49,371.51,372.47,2.1537355009571395,2023-08-07T15:00:00Z,0.10768677504785698,1.0
2023-09-14T15:45:00Z,2023-09-14T15:45:00Z,short,376.38,377.5774757017094,377.5774757017094,942,supply,376.98,377.49,touched,4,4,2023-09-14T15:30:00Z,376.97,377.23,376.16,376.38,1.7495140341868485,2023-09-14T15:00:00Z,0.08747570170934243,1.0
2023-09-19T15:30:00Z,2023-09-19T15:30:00Z,long,367.59,366.2434914976756,366.2434914976756,931,demand,366.32313232086017,367.2,touched,3,3,2023-09-19T15:15:00Z,367.44,367.64,367.07,367.59,1.5928164636905344,2023-09-19T15:00:00Z,0.07964082318452673,1.0
2023-10-12T13:45:00Z,2023-10-12T13:45:00Z,short,371.43,372.02952877311156,372.02952877311156,951,supply,371.48,371.94,active,3,3,2023-10-12T13:30:00Z,371.73,372.31,371.09,371.44,1.790575462231605,2023-10-11T20:00:00Z,0.08952877311158025,1.0
2023-10-20T19:00:00Z,2023-10-20T19:00:00Z,long,355.75,354.7272016843022,354.7272016843022,978,demand,354.85,355.65,rejected,2,2,2023-10-20T18:45:00Z,355.71,356.35,355.49,355.74,2.455966313956103,2023-10-20T19:00:00Z,0.12279831569780515,1.0
2023-12-01T15:45:00Z,2023-12-01T15:45:00Z,long,387.19,385.73283961038743,385.73283961038743,1016,demand,385.82,386.3,active,3,3,2023-12-01T15:30:00Z,386.46,387.34,386.07,387.18,1.7432077922514366,2023-12-01T15:30:00Z,0.08716038961257183,1.0
2023-12-06T14:45:00Z,2023-12-06T14:45:00Z,short,388.27,389.07230191822345,389.07230191822345,1022,supply,388.27420419467126,388.98247616020933,active,3,3,2023-12-06T14:30:00Z,390.27,390.37,387.96,388.27,1.7965151602821605,2023-12-05T21:00:00Z,0.08982575801410803,1.0
2024-01-05T17:45:00Z,2024-01-05T17:45:00Z,long,397.15,395.97304383750117,395.97304383750117,1052,demand,396.06,396.45,active,2,2,2024-01-05T17:30:00Z,396.6,397.21,396.44,397.16,1.739123249976256,2024-01-05T17:00:00Z,0.0869561624988128,1.0
2024-02-06T14:45:00Z,2024-02-06T14:45:00Z,short,429.23,430.3349242332283,430.3349242332283,1066,supply,429.6299722324453,430.24,active,2,2,2024-02-06T14:30:00Z,429.58,430.22,428.66,429.21,1.8984846645661924,2024-02-05T21:00:00Z,0.09492423322830962,1.0
2024-02-06T17:45:00Z,2024-02-06T17:45:00Z,long,426.47,424.90334546632556,424.90334546632556,1067,demand,425.0,425.94,touched,3,3,2024-02-06T17:30:00Z,426.25,426.54,425.68,426.46,1.9330906734883133,2024-02-06T17:00:00Z,0.09665453367441568,1.0
2024-02-20T16:30:00Z,2024-02-20T16:30:00Z,long,426.41,425.10612496595905,425.10612496595905,1078,demand,425.22,426.11,touched,2,2,2024-02-20T16:15:00Z,426.22,426.6,425.98,426.4,2.277500680819335,2024-02-20T16:00:00Z,0.11387503404096676,1.0
2024-02-29T15:45:00Z,2024-02-29T15:45:00Z,short,437.65,439.2299110270927,439.2299110270927,1081,supply,438.3,439.14,touched,2,2,2024-02-29T15:30:00Z,437.91,438.37,437.53,437.65,1.7982205418548,2024-02-29T15:30:00Z,0.08991102709274001,1.0
2024-03-07T17:30:00Z,2024-03-07T17:30:00Z,short,445.44,446.69381735497353,446.69381735497353,1096,supply,445.69,446.58,active,2,2,2024-03-07T17:15:00Z,445.5,445.95,445.33,445.44,2.2763470994709727,2024-03-07T17:00:00Z,0.11381735497354864,1.0
2024-03-15T14:45:00Z,2024-03-15T14:45:00Z,long,435.89,434.17862929011636,434.17862929011636,1086,demand,434.3,434.99,touched,3,3,2024-03-15T14:30:00Z,435.14,436.24,434.85,435.89,2.4274141976733543,2024-03-15T14:30:00Z,0.12137070988366772,1.0
2024-03-18T15:00:00Z,2024-03-18T15:00:00Z,short,440.5,442.15654061120176,442.15654061120176,1101,supply,440.99,442.03,active,4,4,2024-03-18T14:45:00Z,440.73,441.01,440.19,440.48,2.5308122240362514,2024-03-18T15:00:00Z,0.12654061120181256,1.0
2024-04-03T16:45:00Z,2024-04-03T16:45:00Z,short,443.14,444.2121424593197,444.2121424593197,1104,supply,443.65,444.12,verified,3,3,2024-04-03T16:30:00Z,443.41,443.71,442.09,443.13,1.842849186394187,2024-04-03T16:00:00Z,0.09214245931970935,1.0
2024-04-04T13:45:00Z,2024-04-04T13:45:00Z,short,446.23,447.57618090849206,447.57618090849206,1116,supply,446.78,447.49,rejected,2,2,2024-04-04T13:30:00Z,446.33,446.95,446.0,446.23,1.7236181698408066,2024-04-03T20:00:00Z,0.08618090849204034,1.0
2024-04-29T13:45:00Z,2024-04-29T13:45:00Z,short,431.28,433.8754795162494,433.8754795162494,1109,supply,432.74,433.76,active,3,3,2024-04-29T13:30:00Z,433.12,433.76,430.93,431.27,2.3095903249882213,2024-04-26T20:00:00Z,0.11547951624941107,1.0
2024-05-07T15:30:00Z,2024-05-07T15:30:00Z,short,441.51,442.87899796534055,442.87899796534055,1120,supply,441.8496906239477,442.78055788542815,active,3,3,2024-05-07T15:15:00Z,441.6,441.92,441.45,441.51,1.9688015982478337,2024-05-07T15:00:00Z,0.09844007991239169,1.0
2024-05-14T14:00:00Z,2024-05-14T14:00:00Z,short,443.03,444.3744413279882,444.3744413279882,1161,supply,443.8,444.31,active,2,2,2024-05-14T13:45:00Z,443.56,443.92,442.98,443.06,1.2888265597641237,2024-05-13T20:00:00Z,0.06444132798820619,1.0
2024-06-04T19:00:00Z,2024-06-04T19:00:00Z,short,454.57,455.6964480475075,455.6964480475075,1170,supply,455.34,455.58,verified,3,3,2024-06-04T18:45:00Z,455.3,455.58,454.4,454.6,2.328960950149834,2024-06-04T19:00:00Z,0.1164480475074917,1.0
2024-06-28T14:45:00Z,2024-06-28T14:45:00Z,short,485.37,486.9559440350281,486.9559440350281,1193,supply,486.04,486.86,active,2,2,2024-06-28T14:30:00Z,485.79,486.56,484.8,485.38,1.918880700561608,2024-06-28T14:30:00Z,0.09594403502808041,1.0
2024-07-23T17:00:00Z,2024-07-23T17:00:00Z,short,481.23,483.24374868482926,483.24374868482926,1198,supply,481.54,483.1,active,3,4,2024-07-23T16:45:00Z,481.5,481.93,480.72,481.24,2.8749736965844512,2024-07-23T17:00:00Z,0.14374868482922257,1.0
2024-08-19T16:15:00Z,2024-08-19T16:15:00Z,long,476.17,474.3758106689781,474.3758106689781,1221,demand,474.49,475.55,verified,2,4,2024-08-19T16:00:00Z,475.96,476.39,475.54,476.18,2.2837866204378545,2024-08-19T16:00:00Z,0.11418933102189273,1.0
2024-08-26T18:45:00Z,2024-08-26T18:45:00Z,long,475.72,473.2246063524866,473.2246063524866,1232,demand,473.37,474.83,rejected,2,2,2024-08-26T18:30:00Z,474.97,475.86,474.8,475.72,2.907872950267574,2024-08-26T18:00:00Z,0.14539364751337872,1.0
2024-09-17T13:45:00Z,2024-09-17T13:45:00Z,short,476.13,477.02422894295904,477.02422894295904,1231,supply,476.132427465463,476.9,rejected,4,4,2024-09-17T13:30:00Z,476.3,477.05,475.38,476.12,2.4845788591816644,2024-09-16T20:00:00Z,0.12422894295908322,1.0
2024-09-26T15:15:00Z,2024-09-26T15:15:00Z,long,487.51,485.5491793309082,485.5491793309082,1262,demand,485.67,486.33,touched,2,3,2024-09-26T15:00:00Z,486.42,488.33,485.8,487.51,2.4164133818367572,2024-09-26T15:00:00Z,0.12082066909183786,1.0
2024-10-03T14:30:00Z,2024-10-03T14:30:00Z,short,480.97,484.5039038104919,484.5039038104919,1234,supply,483.1584508693219,484.37,active,3,3,2024-10-03T14:15:00Z,482.45,483.6,480.35,481.0,2.6780762098387174,2024-10-03T14:30:00Z,0.13390381049193587,1.0
2024-10-03T17:45:00Z,2024-10-03T17:45:00Z,long,480.72,479.17510307155584,479.17510307155584,1235,demand,479.32,480.5141341994112,active,4,4,2024-10-03T17:30:00Z,480.52,481.28,479.94,480.71,2.8979385688832555,2024-10-03T17:00:00Z,0.14489692844416277,1.0
2024-10-16T15:45:00Z,2024-10-16T15:45:00Z,short,489.96,490.8552925521819,490.8552925521819,1270,supply,490.17,490.74,verified,3,3,2024-10-16T15:30:00Z,490.13,490.5,489.72,489.99,2.3058510436378112,2024-10-16T15:00:00Z,0.11529255218189056,1.0
2024-11-22T18:45:00Z,2024-11-22T18:45:00Z,short,505.45,507.09052939088303,507.09052939088303,1326,supply,505.95,506.96,active,2,2,2024-11-22T18:30:00Z,505.76,506.36,505.28,505.46,2.6105878176606296,2024-11-22T18:00:00Z,0.13052939088303148,1.0
2024-12-02T20:00:00Z,2024-12-02T20:00:00Z,long,515.28,514.198634712076,514.198634712076,1316,demand,514.29,514.98,verified,2,3,2024-12-02T19:45:00Z,515.0,515.37,514.86,515.31,1.827305758480332,2024-12-02T20:00:00Z,0.0913652879240166,1.0
2025-01-03T15:30:00Z,2025-01-03T15:30:00Z,short,514.29,516.8295176453898,516.8295176453898,1356,supply,515.01,516.64,active,3,3,2025-01-03T15:15:00Z,514.69,515.03,512.53,514.28,3.790352907796279,2025-01-03T15:30:00Z,0.18951764538981397,1.0
2025-01-29T19:00:00Z,2025-01-29T19:00:00Z,long,519.22,517.7211257068063,517.7211257068063,1361,demand,517.86,519.11,verified,4,4,2025-01-29T18:45:00Z,519.24,519.93,519.11,519.25,2.7774858638746274,2025-01-29T19:00:00Z,0.13887429319373137,1.0
2025-02-12T14:45:00Z,2025-02-12T14:45:00Z,long,524.94,522.0822771525663,522.0822771525663,1383,demand,522.19,523.0,active,3,3,2025-02-12T14:30:00Z,522.29,525.09,521.95,524.94,2.1544569486736385,2025-02-11T21:00:00Z,0.10772284743368193,1.0
2025-02-20T15:15:00Z,2025-02-20T15:15:00Z,long,534.42,533.2464318583686,533.2464318583686,1378,demand,533.34,533.82,verified,2,3,2025-02-20T15:00:00Z,533.85,534.89,532.46,534.4,1.8713628326280176,2025-02-19T21:00:00Z,0.09356814163140088,1.0
2025-03-25T13:45:00Z,2025-03-25T13:45:00Z,short,491.2,494.07818044186905,494.07818044186905,1418,supply,491.26,493.9301642522939,touched,4,4,2025-03-25T13:30:00Z,491.39,492.01,490.64,491.18,2.9603237915040284,2025-03-24T20:00:00Z,0.14801618957520143,1.0
2025-04-24T17:45:00Z,2025-04-24T17:45:00Z,short,465.11,467.3162482145561,467.3162482145561,1424,supply,465.86,467.0834795569844,touched,3,3,2025-04-24T17:30:00Z,465.56,466.04,464.79,465.11,4.655373151433715,2025-04-24T17:00:00Z,0.23276865757168577,1.0
2025-05-05T17:30:00Z,2025-05-05T17:30:00Z,long,487.6,485.18619305670904,485.18619305670904,1427,demand,485.34,487.18,verified,3,3,2025-05-05T17:15:00Z,487.26,487.7,486.98,487.59,3.076138865818334,2025-05-05T17:00:00Z,0.1538069432909167,1.0
2025-05-19T18:30:00Z,2025-05-19T18:30:00Z,short,520.53,522.0614973689575,522.0614973689575,1474,supply,521.01,521.93,touched,2,2,2025-05-19T18:15:00Z,520.94,521.02,520.26,520.51,2.629947379150451,2025-05-19T18:00:00Z,0.13149736895752256,1.0
2025-07-10T13:45:00Z,2025-07-10T13:45:00Z,short,555.85,557.7240292813407,557.7240292813407,1512,supply,556.78,557.63,active,2,2,2025-07-10T13:30:00Z,556.89,557.3,555.69,555.86,1.8805856268134715,2025-07-09T20:00:00Z,0.09402928134067358,1.0
2025-08-07T17:45:00Z,2025-08-07T17:45:00Z,long,567.18,565.3186061379499,565.3186061379499,1527,demand,565.45,566.57,verified,4,4,2025-08-07T17:30:00Z,566.99,567.39,566.37,567.2,2.627877241001457,2025-08-07T17:00:00Z,0.13139386205007283,1.0
2025-08-25T15:45:00Z,2025-08-25T15:45:00Z,short,572.74,574.1197762343278,574.1197762343278,1546,supply,572.9,573.99,active,3,3,2025-08-25T15:30:00Z,572.87,573.07,572.41,572.74,2.595524686554434,2025-08-25T15:00:00Z,0.1297762343277217,1.0
2025-09-05T14:30:00Z,2025-09-05T14:30:00Z,short,575.1,578.4058171830428,578.4058171830428,1552,supply,577.64,578.28,active,3,3,2025-09-05T14:15:00Z,577.59,577.75,574.52,575.13,2.516343660857679,2025-09-05T14:30:00Z,0.12581718304288395,1.0
2025-10-14T17:00:00Z,2025-10-14T17:00:00Z,short,601.33,603.1503636627465,603.1503636627465,1582,supply,602.08,602.95,active,3,3,2025-10-14T16:45:00Z,601.84,602.69,601.32,601.36,4.0072732549276875,2025-10-14T17:00:00Z,0.2003636627463844,1.0
2025-10-15T15:15:00Z,2025-10-15T15:15:00Z,short,605.79,607.524355404244,607.524355404244,1592,supply,606.51,607.33,verified,2,3,2025-10-15T15:00:00Z,606.39,606.6,605.34,605.81,3.887108084878825,2025-10-15T15:00:00Z,0.19435540424394127,1.0
2025-11-14T18:15:00Z,2025-11-14T18:15:00Z,long,611.57,609.1058004846279,609.1058004846279,1613,demand,609.32,610.84,verified,3,3,2025-11-14T18:00:00Z,611.15,611.68,609.19,611.57,4.283990307441376,2025-11-14T18:00:00Z,0.2141995153720688,1.0
2025-11-28T14:45:00Z,2025-11-28T14:45:00Z,short,616.05,619.0287881279793,619.0287881279793,1626,supply,617.52,618.85,verified,2,3,2025-11-28T14:30:00Z,616.11,617.58,615.41,616.06,3.575762559585858,2025-11-26T21:00:00Z,0.17878812797929292,1.0
2025-12-01T15:45:00Z,2025-12-01T15:45:00Z,long,615.56,612.0565175486743,612.0565175486743,1630,demand,612.23,614.03,touched,2,3,2025-12-01T15:30:00Z,615.31,616.16,613.94,615.54,3.4696490265148454,2025-12-01T15:30:00Z,0.17348245132574228,1.0
2025-12-02T20:45:00Z,2025-12-02T20:45:00Z,short,622.58,624.4697166742005,624.4697166742005,1625,supply,623.18,624.31,active,2,2,2025-12-02T20:30:00Z,622.89,623.22,622.23,622.58,3.1943334840114446,2025-12-02T20:00:00Z,0.15971667420057223,1.0
2025-12-05T18:30:00Z,2025-12-05T18:30:00Z,long,625.95,624.3380271453428,624.3380271453428,1627,demand,624.4741684924877,624.94,verified,2,3,2025-12-05T18:15:00Z,625.49,626.02,624.87,625.95,2.722826942897098,2025-12-05T18:00:00Z,0.1361413471448549,1.0
2025-12-15T14:45:00Z,2025-12-15T14:45:00Z,short,615.43,618.6615117143625,618.6615117143625,1620,supply,617.21,618.5,verified,3,3,2025-12-15T14:30:00Z,618.39,618.42,615.39,615.44,3.230234287250202,2025-12-12T21:00:00Z,0.1615117143625101,1.0
2026-01-22T18:15:00Z,2026-01-22T18:15:00Z,short,621.58,622.7149332875092,622.7149332875092,1680,supply,622.0010780973848,622.5237158280862,active,3,3,2026-01-22T18:00:00Z,621.96,622.24,621.46,621.59,3.824349188460333,2026-01-22T18:00:00Z,0.19121745942301666,1.0
2026-01-26T16:45:00Z,2026-01-26T16:45:00Z,short,626.71,628.0859746164109,628.0859746164109,1676,supply,627.14,627.94,verified,3,5,2026-01-26T16:30:00Z,626.92,627.44,626.68,626.72,2.9194923282163256,2026-01-26T16:00:00Z,0.1459746164108163,1.0
2026-01-29T19:15:00Z,2026-01-29T19:15:00Z,long,626.5,624.5113635447434,624.5113635447434,1667,demand,624.67,625.52,verified,4,4,2026-01-29T19:00:00Z,625.57,626.68,625.18,626.5,3.172729105131885,2026-01-29T19:00:00Z,0.15863645525659426,1.0
2026-02-02T14:45:00Z,2026-02-02T14:45:00Z,long,622.99,618.4810302544188,618.4810302544188,1668,demand,618.65,619.71,touched,4,4,2026-02-02T14:30:00Z,618.69,623.3,618.66,622.98,3.3793949116232667,2026-01-30T21:00:00Z,0.16896974558116334,1.0
2026-02-24T14:45:00Z,2026-02-24T14:45:00Z,long,604.95,598.879865736179,598.879865736179,1716,demand,599.05,600.65,rejected,2,2,2026-02-24T14:30:00Z,602.33,604.97,599.73,604.94,3.4026852764201005,2026-02-23T21:00:00Z,0.17013426382100505,1.0
2026-03-04T17:45:00Z,2026-03-04T17:45:00Z,long,611.33,608.8497935132278,608.8497935132278,1713,demand,609.06,610.35,verified,2,3,2026-03-04T17:30:00Z,610.85,611.81,610.19,611.33,4.204129735441336,2026-03-04T17:00:00Z,0.21020648677206683,1.0
2026-04-10T14:00:00Z,2026-04-10T14:00:00Z,short,611.86,613.4731296496313,613.4731296496313,1727,supply,612.16,613.29,active,2,2,2026-04-10T13:45:00Z,612.03,612.74,611.45,611.87,3.6625929926276948,2026-04-09T20:00:00Z,0.18312964963138476,1.0
2026-04-23T18:15:00Z,2026-04-23T18:15:00Z,long,651.19,648.9378741714838,648.9378741714838,1757,demand,649.1,650.2,verified,2,3,2026-04-23T18:00:00Z,650.28,651.9,649.85,651.21,3.2425165703233745,2026-04-23T18:00:00Z,0.16212582851616875,1.0
2026-04-30T13:45:00Z,2026-04-30T13:45:00Z,short,661.97,664.6496274890735,664.6496274890735,1763,supply,663.81,664.51,active,2,2,2026-04-30T13:30:00Z,665.39,665.42,660.2,662.0,2.7925497814696607,2026-04-29T20:00:00Z,0.13962748907348305,1.0
2026-07-01T17:15:00Z,2026-07-01T17:15:00Z,long,728.07,725.1780758812104,725.1780758812104,1790,demand,725.4194539559095,727.84,verified,4,4,2026-07-01T17:00:00Z,727.87,728.55,727.0,728.07,4.827561493981763,2026-07-01T17:00:00Z,0.24137807469908817,1.0
2026-07-07T15:15:00Z,2026-07-07T15:15:00Z,long,707.55,704.1773981983946,704.1773981983946,1781,demand,704.45,706.88,touched,3,3,2026-07-07T15:00:00Z,707.17,708.5,706.44,707.56,5.4520360321087535,2026-07-07T15:00:00Z,0.2726018016054377,1.0
2026-07-09T19:45:00Z,2026-07-09T19:45:00Z,long,723.11,720.6293738934655,720.6293738934655,1809,demand,720.85,722.75,verified,3,3,2026-07-09T19:30:00Z,722.79,723.17,722.27,723.1,4.412522130690423,2026-07-09T19:00:00Z,0.22062610653452117,1.0
2026-07-21T13:45:00Z,2026-07-21T13:45:00Z,short,704.71,709.4167308179251,709.4167308179251,1822,supply,707.0,709.18,verified,3,4,2026-07-21T13:30:00Z,706.59,707.13,704.39,704.71,4.734616358503369,2026-07-20T20:00:00Z,0.23673081792516848,1.0
