decision_timestamp,entry_timestamp,exit_timestamp,side,rrms_tier,quantity,entry_price,stop_price,target_price,exit_price,exit_reason,gross_pnl,costs,net_pnl,result_r,equity_after
2021-03-16T15:15:00Z,2021-03-16T15:15:00Z,2021-03-16T16:00:00Z,short,0,158,323.617635,324.56511056279095,322.67015943720907,322.7024264531528,target,144.60295040186156,1.58,143.02295040186155,0.9553898616453892,100143.02295040186
2021-05-18T14:45:00Z,2021-05-18T14:45:00Z,2021-05-18T18:15:00Z,short,0,106,326.07738900000004,327.48680135314567,324.6679766468544,324.70044344451907,target,145.95622888098308,1.06,144.89622888098307,0.969869146123295,100287.91917928285
2021-05-19T18:15:00Z,2021-05-19T18:15:00Z,2021-05-19T18:15:00Z,short,0,66,320.237973,322.50404861336676,317.97189738663326,322.5362990182281,stop,-151.68951720305245,0.66,-152.34951720305244,-1.0186447462794692,100135.5696620798
2021-08-18T18:15:00Z,2021-08-18T18:15:00Z,2021-08-18T19:45:00Z,short,1,144,364.523544,366.94820033448985,362.0988876655102,362.13509755427674,target,343.93628818415164,1.44,342.49628818415164,0.9809416748636723,100478.06595026395
2021-09-09T16:30:00Z,2021-09-09T16:30:00Z,2021-09-09T17:15:00Z,long,0,202,381.05810199999996,380.3135266564914,381.80267734350855,380.2754953038257,stop,-158.08655262719674,2.02,-160.10655262719675,-1.0645083846576517,100317.95939763675
2021-10-11T17:45:00Z,2021-10-11T17:45:00Z,2021-10-11T19:45:00Z,long,1,301,360.406037,359.23979175631496,361.5722822436851,359.20386777713935,stop,-361.85293608106326,3.0100000000000002,-364.86293608106325,-1.039377634699283,99953.09646155569
2021-10-20T18:15:00Z,2021-10-20T18:15:00Z,2021-10-21T14:15:00Z,long,2,501,374.707467,373.3124334142191,376.10250058578094,376.0648903357224,target,680.0690911969161,5.01,675.0590911969161,0.9658716101577606,100628.1555527526
2021-10-26T17:15:00Z,2021-10-26T17:15:00Z,2021-10-27T13:30:00Z,long,0,114,379.077904,377.75890763726073,380.39690036273925,380.358860672703,target,146.02906068814025,1.1400000000000001,144.88906068814026,0.9635786031005397,100773.04461344075
2021-10-27T15:00:00Z,2021-10-27T15:00:00Z,2021-10-27T16:30:00Z,short,0,99,380.721924,382.2336146511471,379.2102333488529,382.2718380126122,stop,-153.44148724860696,0.99,-154.43148724860697,-1.0319002842469838,100618.61312619214
2021-12-01T16:45:00Z,2021-12-01T16:45:00Z,2021-12-01T17:30:00Z,short,1,207,399.630033,401.33033594229823,397.9297300577018,397.9695230307076,target,343.72556364353386,2.07,341.65556364353387,0.9707152344637647,100960.26868983568
2021-12-01T19:30:00Z,2021-12-01T19:30:00Z,2021-12-01T20:00:00Z,long,0,50,394.599456,391.6061727167532,397.5927392832468,391.56701209948153,stop,-151.62219502592222,0.5,-152.12219502592222,-1.0164236434108314,100808.14649480976
2022-02-16T17:15:00Z,2022-02-16T17:15:00Z,2022-02-16T19:15:00Z,short,1,186,352.344762,354.23263374679215,350.45689025320786,354.26805701016684,stop,-357.7328718910321,1.86,-359.59287189103213,-1.024060566323893,100448.55362291873
2022-04-18T17:00:00Z,2022-04-18T17:00:00Z,2022-04-18T17:30:00Z,long,2,393,336.57365400000003,334.7880611401598,338.35924685984025,338.32541093515425,target,688.4404755156081,3.93,684.5104755156082,0.975450212827394,101133.06409843433
2022-05-17T17:00:00Z,2022-05-17T17:00:00Z,2022-05-17T18:15:00Z,short,0,68,303.819615,306.034154446598,301.605075553402,301.63523606095737,target,148.5377678548989,0.68,147.8577678548989,0.9818650746469834,101280.92186628924
2022-06-29T15:15:00Z,2022-06-29T15:15:00Z,2022-06-30T13:30:00Z,short,0,85,283.541643,285.31220035204234,281.7710856479577,281.7992627565225,target,148.10232069558737,0.85,147.25232069558737,0.9784378017911807,101428.17418698482
2022-07-05T17:00:00Z,2022-07-05T17:00:00Z,2022-07-05T17:15:00Z,short,0,70,281.45185200000003,283.60626020884155,279.2974437911585,283.6346208348624,stop,-152.79381844036607,0.7000000000000001,-153.49381844036606,-1.017805644196595,101274.68036854445
2022-07-14T14:45:00Z,2022-07-14T14:45:00Z,2022-07-14T15:00:00Z,long,1,313,281.008098,279.878731326425,282.13746467357504,282.10925092710767,target,344.66086618469393,3.13,341.53086618469393,0.9661635610811797,101616.21123472914
2022-07-14T18:45:00Z,2022-07-14T18:45:00Z,2022-07-15T13:30:00Z,short,0,93,286.651332,288.27910782189645,285.0235561781036,288.30793573267863,stop,-154.06414713911022,0.93,-154.99414713911023,-1.0238533526913722,101461.21708759003
2022-08-10T17:45:00Z,2022-08-10T17:45:00Z,2022-08-11T13:30:00Z,long,1,217,325.212518,323.57828760675994,326.84674839324003,326.8140637184007,target,347.535420892952,2.17,345.365420892952,0.9738808707658912,101806.58250848298
2022-10-19T18:30:00Z,2022-10-19T18:30:00Z,2022-10-20T13:45:00Z,long,0,87,270.337031,268.59051756899436,272.0835444310057,272.0563360765626,target,149.57954166094544,0.87,148.70954166094543,0.978695637959308,101955.29205014394
2022-11-02T18:15:00Z,2022-11-02T18:15:00Z,2022-11-02T18:45:00Z,long,0,28,276.36763399999995,271.0822988387996,281.6529691612003,271.0551906089157,stop,-148.74841495035844,0.28,-149.02841495035844,-1.0070209795125749,101806.26363519358
2022-11-30T18:45:00Z,2022-11-30T18:45:00Z,2022-11-30T19:15:00Z,long,1,92,284.47844499999997,280.64014465933985,288.3167453406601,288.28791366612603,target,350.471117283598,0.92,349.551117283598,0.9898831068213467,102155.81475247718
2022-12-05T15:45:00Z,2022-12-05T15:45:00Z,2022-12-05T17:30:00Z,long,0,66,290.54905199999996,288.25018568496665,292.84791831503327,288.22136066639814,stop,-153.6276280177201,0.66,-154.2876280177201,-1.0168887674392448,102001.52712445946
2023-03-01T17:30:00Z,2023-03-01T17:30:00Z,2023-03-01T19:15:00Z,short,1,251,292.220775,293.63766598649005,290.80388401350996,290.8329644019113,target,348.3404601202687,2.5100000000000002,345.8304601202687,0.9724182108758158,102347.35758457973
2023-03-15T16:00:00Z,2023-03-15T16:00:00Z,2023-03-15T18:15:00Z,short,0,66,295.75042199999996,298.06197015503113,293.4388738449688,298.0917763520466,stop,-154.52938723507987,0.66,-155.18938723507986,-1.0172205787402047,102192.16819734465
2023-03-27T17:15:00Z,2023-03-27T17:15:00Z,2023-03-27T17:45:00Z,short,1,280,308.239173,309.51406330250074,306.96428269749924,309.545014708831,stop,-365.63567847267905,2.8000000000000003,-368.43567847267906,-1.032121513709782,101823.73251887197
2023-04-13T16:15:00Z,2023-04-13T16:15:00Z,2023-04-13T17:30:00Z,short,2,589,317.428254,318.6376840738652,316.21882392613475,318.6695478422726,stop,-731.1220730985765,5.89,-737.0120730985765,-1.0346144595806168,101086.72044577339
2023-04-17T16:30:00Z,2023-04-17T16:30:00Z,2023-04-17T18:45:00Z,long,3,1461,316.561653,315.5243456149252,317.59896038507475,317.5672004890362,target,1469.1048814819555,14.61,1454.4948814819556,0.9597420237825527,102541.21532725534
2023-07-06T17:45:00Z,2023-07-06T17:45:00Z,2023-07-07T16:00:00Z,long,0,86,367.36673299999995,365.5840062774356,369.1494597225643,369.1125447765921,target,150.13981278692233,0.86,149.27981278692232,0.9736836019910311,102690.49514004226
2023-08-02T17:45:00Z,2023-08-02T17:45:00Z,2023-08-03T13:30:00Z,short,0,107,374.832513,376.2689447777489,373.3960812222511,373.43342083037334,target,149.70286215005365,1.07,148.63286215005365,0.9670436084361584,102839.12800219232
2023-08-07T15:45:00Z,2023-08-07T15:45:00Z,2023-08-07T16:00:00Z,long,0,150,372.517248,371.49231322495217,373.5421827750478,373.5048285567703,target,148.13708351554453,1.5,146.63708351554453,0.9537978226221092,102985.76508570786
2023-09-14T15:45:00Z,2023-09-14T15:45:00Z,2023-09-14T16:15:00Z,short,0,125,376.342362,377.5774757017094,375.1072482982906,377.6152334492795,stop,-159.10893115994185,1.25,-160.35893115994185,-1.038666681054581,102825.40615454792
2023-09-19T15:30:00Z,2023-09-19T15:30:00Z,2023-09-19T17:30:00Z,long,1,260,367.626759,366.2434914976756,369.01002650232437,368.97312549967415,target,350.05528991528195,2.6,347.4552899152819,0.9660940471952092,103172.8614444632
2024-02-06T17:45:00Z,2024-02-06T17:45:00Z,2024-02-07T14:30:00Z,long,0,96,426.512647,424.90334546632556,428.12194853367447,428.0791363388211,target,150.3829765268256,0.96,149.42297652682558,0.9671831575697498,103322.28442099002
2024-02-20T16:30:00Z,2024-02-20T16:30:00Z,2024-02-20T16:45:00Z,long,0,115,426.452641,425.10612496595905,427.799157034041,425.06361435346247,stop,-159.73806435181928,1.1500000000000001,-160.88806435181928,-1.038997391170306,103161.3963566382
2024-02-29T15:45:00Z,2024-02-29T15:45:00Z,2024-02-29T16:30:00Z,short,1,222,437.60623499999997,439.2299110270927,435.9825589729072,436.0261572288045,target,350.7772652053958,2.22,348.55726520539577,0.9669895625710203,103509.9536218436
2024-03-07T17:30:00Z,2024-03-07T17:30:00Z,2024-03-07T18:45:00Z,short,0,119,445.395456,446.69381735497353,444.0970946450265,446.73848673670904,stop,-159.8206576683723,1.19,-161.0106576683723,-1.042106445579334,103348.94296417522
2024-03-18T15:00:00Z,2024-03-18T15:00:00Z,2024-03-18T15:45:00Z,short,1,212,440.45595000000003,442.15654061120176,438.7553593887983,438.79923492473716,target,351.22359595572766,2.12,349.10359595572766,0.9683195146533268,103698.04656013096
2024-04-03T16:45:00Z,2024-04-03T16:45:00Z,2024-04-03T19:00:00Z,short,0,139,443.095686,444.2121424593197,441.9792295406803,442.0234274636344,target,149.0439365548197,1.3900000000000001,147.65393655481972,0.9514554083129149,103845.70049668578
2024-05-07T15:30:00Z,2024-05-07T15:30:00Z,2024-05-07T17:45:00Z,short,0,110,441.465849,442.87899796534055,440.05270003465944,440.0967053046629,target,150.60580648707798,1.1,149.505806487078,0.9617837387791127,103995.20630317286
2024-07-23T17:00:00Z,2024-07-23T17:00:00Z,2024-07-24T13:30:00Z,short,0,75,481.18187700000004,483.24374868482926,479.12000531517083,479.16791731570237,target,151.04697632232558,0.75,150.29697632232558,0.9719128978987185,104145.50327949518
2024-08-19T16:15:00Z,2024-08-19T16:15:00Z,2024-08-19T18:00:00Z,long,0,84,476.217617,474.3758106689781,478.05942333102195,478.0116173886889,target,150.69603264986404,0.84,149.85603264986403,0.9686145381523382,104295.35931214505
2024-08-26T18:45:00Z,2024-08-26T18:45:00Z,2024-08-27T13:30:00Z,long,0,61,475.76757200000003,473.2246063524866,478.31053764751346,473.17728389185135,stop,-158.00757459706972,0.61,-158.61757459706973,-1.022541578841739,104136.74173754799
2024-09-26T15:15:00Z,2024-09-26T15:15:00Z,2024-09-26T18:15:00Z,long,1,181,487.558751,485.5491793309082,489.56832266909174,489.5193658368248,target,354.87128546529703,1.81,353.06128546529703,0.9706619907248344,104489.80302301329
2024-10-03T14:30:00Z,2024-10-03T14:30:00Z,2024-10-04T13:30:00Z,short,0,43,480.92190300000004,484.5039038104919,477.33990218950817,484.55235420087297,stop,-156.10940163753583,0.43,-156.53940163753583,-1.016317804901061,104333.26362137575
2024-10-16T15:45:00Z,2024-10-16T15:45:00Z,2024-10-16T17:00:00Z,short,1,386,489.911004,490.8552925521819,488.9667154478181,490.9043780814371,stop,-383.4423954347137,3.86,-387.30239543471373,-1.0625714768210102,103945.96122594104
2025-01-29T19:00:00Z,2025-01-29T19:00:00Z,2025-01-29T19:15:00Z,long,2,469,519.271922,517.7211257068063,520.8227182931937,517.6693535942356,stop,-751.6045823034909,4.69,-756.294582303491,-1.0398325123949557,103189.66664363754
2025-04-24T17:45:00Z,2025-04-24T17:45:00Z,2025-04-24T18:45:00Z,short,3,687,465.063489,467.3162482145561,462.8107297854439,467.36297983937754,stop,-1579.7502066523703,6.87,-1586.6202066523701,-1.025183172908535,101603.04643698517
2025-05-05T17:30:00Z,2025-05-05T17:30:00Z,2025-05-06T13:30:00Z,long,4,618,487.64876000000004,485.18619305670904,490.11132694329103,485.1376744374034,stop,-1551.8508776847198,6.18,-1558.0308776847198,-1.0237632603105744,100045.01555930045
2025-05-19T18:30:00Z,2025-05-19T18:30:00Z,2025-05-19T19:45:00Z,short,0,94,520.477947,522.0614973689575,518.8943966310425,522.1137035186944,stop,-153.76111275727294,0.9400000000000001,-154.70111275727294,-1.039282709888061,99890.31444654317
2025-08-07T17:45:00Z,2025-08-07T17:45:00Z,2025-08-07T18:15:00Z,long,1,182,567.236718,565.3186061379499,569.1548298620501,565.2620742773362,stop,-359.3851575248141,1.82,-361.20515752481407,-1.034686121247713,99529.10928901835
2025-08-25T15:45:00Z,2025-08-25T15:45:00Z,2025-08-25T19:45:00Z,short,2,484,572.682726,574.1197762343278,571.2456757656722,571.3028003332488,target,667.8840227075834,4.84,663.0440227075834,0.9532900340063765,100192.15331172594
2025-10-14T17:00:00Z,2025-10-14T17:00:00Z,2025-10-14T19:30:00Z,short,0,79,601.2698670000001,603.1503636627465,599.3893703372537,599.4493092742874,target,143.8240603313002,0.79,143.0340603313002,0.9628082631470393,100335.18737205723
2025-10-15T15:15:00Z,2025-10-15T15:15:00Z,2025-10-15T15:30:00Z,short,0,83,605.729421,607.524355404244,603.934486595756,603.9948800444156,target,143.9668993135058,0.8300000000000001,143.13689931350578,0.9607821609005973,100478.32427137074
2025-12-01T15:45:00Z,2025-12-01T15:45:00Z,2025-12-01T17:45:00Z,long,0,42,615.6215559999999,612.0565175486743,619.1865944513256,619.1246757918805,target,147.13103125898192,0.42,146.71103125898193,0.9798266805738347,100625.03530262972
2026-01-22T18:15:00Z,2026-01-22T18:15:00Z,2026-01-22T19:45:00Z,short,0,126,621.5178420000001,622.7149332875092,620.320750712491,620.3827827875622,target,143.01746076717654,1.26,141.75746076717655,0.9398274168204016,100766.7927633969
2026-01-26T16:45:00Z,2026-01-26T16:45:00Z,2026-01-27T14:30:00Z,short,0,105,626.647329,628.0859746164109,625.2086833835891,628.1487832138725,stop,-157.65269245661614,1.05,-158.70269245661615,-1.0506091261330093,100608.09007094028
2026-01-29T19:15:00Z,2026-01-29T19:15:00Z,2026-01-29T20:45:00Z,long,1,171,626.56265,624.5113635447434,628.6139364552565,628.551075061611,target,340.0206855354804,1.71,338.31068553548045,0.9644801468566958,100946.40075647576
2026-03-04T17:45:00Z,2026-03-04T17:45:00Z,2026-03-05T14:30:00Z,long,0,59,611.3911330000001,608.8497935132278,613.9324724867723,608.7889085338766,stop,-153.53124350128746,0.59,-154.12124350128747,-1.0278927627419439,100792.27951297448
2026-04-23T18:15:00Z,2026-04-23T18:15:00Z,2026-04-24T13:30:00Z,long,1,152,651.255119,648.9378741714838,653.5723638285162,653.5070065921334,target,342.28691400427033,1.52,340.76691400427035,0.9674798124671596,101133.04642697875
2026-07-01T17:15:00Z,2026-07-01T17:15:00Z,2026-07-01T19:45:00Z,long,0,51,728.1428070000001,725.1780758812104,731.1075381187898,725.1055580736222,stop,-154.89969524527066,0.51,-155.40969524527065,-1.0278331505562779,100977.63673173348
2026-07-07T15:15:00Z,2026-07-07T15:15:00Z,2026-07-07T16:00:00Z,long,1,102,707.6207549999999,704.1773981983946,711.0641118016052,710.9930053904251,target,343.96953982336686,1.02,342.9495398233669,0.9764455396715377,101320.58627155685
