original_trade_number,result,decision_timestamp,entry_timestamp,exit_timestamp,side,rrms_tier,quantity,entry_price,stop_price,target_price,exit_price,exit_reason,gross_pnl,costs,net_pnl,result_r,equity_after,zone_id,zone_status_at_trigger,qualified_score,current_score,qualified_sources,zone_qualified_timestamp,zone_age_hours,zone_lower,zone_upper,zone_width,one_hour_atr,zone_width_atr,trigger_timestamp,trigger_open,trigger_high,trigger_low,trigger_close,trigger_body_atr,trigger_range_atr,zone_penetration_fraction,trigger_below_zone_lower,trigger_breached_future_stop,entry_extension_atr,planned_risk_atr,same_bar_exit,holding_hours,entry_year,entry_weekday,entry_local_time
1,loss,2021-06-16T18:30:00Z,2021-06-16T18:30:00Z,2021-06-16T18:30:00Z,long,0,189,421.592155,420.7992246000532,422.3850853999468,420.7571446775932,stop,-157.81695093488293,1.8900000000000001,-159.7069509348829,-1.065680320067814,99840.29304906512,40,rejected,2,3,pivot|repeated_pivot,2021-06-02T19:00:00Z,335.5,420.84,421.25,0.410000000000025,0.8155079989354548,0.502754112203963,2021-06-16T18:15:00Z,421.44,421.8,420.31,421.55,0.13488524961570592,1.8270820175216191,2.292682926829123,True,True,0.41956056892959026,0.9723146811335466,True,0.0,2021,Wednesday,14:30
7,loss,2022-04-14T15:30:00Z,2022-04-14T15:30:00Z,2022-04-14T16:15:00Z,long,0,86,442.094205,440.3544062622161,443.83400373778386,440.3103708215899,stop,-153.40973934326644,0.86,-154.26973934326645,-1.0310584434007768,100100.60142946776,276,verified,2,3,pivot|repeated_pivot,2022-03-18T16:00:00Z,647.5,440.47,441.11,0.6399999999999864,2.3118747556783683,0.2768316053575284,2022-04-14T15:15:00Z,441.69,442.27,441.06,442.04,0.15139228417991138,0.5233847538790793,0.07812500000001943,False,False,0.42571726586078895,0.752548871218314,False,0.75,2022,Thursday,11:30
8,loss,2022-06-22T17:30:00Z,2022-06-22T17:30:00Z,2022-06-22T19:30:00Z,long,0,63,377.117708,374.7609273556949,379.4744886443051,374.7234512629593,stop,-150.8381744335627,0.63,-151.4681744335627,-1.020144468196603,99949.13325503419,356,verified,3,3,pivot|repeated_pivot|role_flip,2022-06-21T19:00:00Z,22.5,374.93,376.28,1.349999999999966,3.3814528861025397,0.39923667295449883,2022-06-22T17:15:00Z,376.38,377.38,376.25,377.07,0.20405429951008167,0.33417588180636537,0.022222222222202572,False,False,0.2477361146869511,0.6969727876414472,False,2.0,2022,Wednesday,13:30
12,loss,2022-12-05T15:45:00Z,2022-12-05T15:45:00Z,2022-12-05T16:30:00Z,long,0,96,403.520348,401.9709377137187,405.06975828628134,401.9307406199473,stop,-152.60230848506035,0.96,-153.56230848506036,-1.0323975477740364,99627.34349614351,486,active,4,4,pivot|repeated_pivot|role_flip|volume_profile,2022-12-02T18:00:00Z,69.75,402.09,402.74,0.6500000000000341,2.3812457256262975,0.27296636924317247,2022-12-05T15:30:00Z,402.75,403.66,402.31,403.49,0.31076171267683,0.5669301515050303,0.6615384615384373,False,False,0.32770578508640147,0.6506721543295642,False,0.75,2022,Monday,10:45
13,loss,2022-12-15T15:45:00Z,2022-12-15T15:45:00Z,2022-12-15T16:00:00Z,long,0,77,391.849181,389.9248249090058,393.7735370909942,389.8858324265149,stop,-151.1778401583499,0.77,-151.94784015834992,-1.0254591562965656,99475.39565598516,468,active,3,3,pivot|repeated_pivot|role_flip,2022-11-17T19:00:00Z,668.75,390.09646287857566,390.44554686712956,0.3490839885539003,3.43275939139791,0.10169194771665722,2022-12-15T15:30:00Z,391.14,391.92,390.42,391.8,0.19226515020362545,0.43696625046276855,0.07318258060296093,False,False,0.408893829374632,0.5605857770912823,False,0.25,2022,Thursday,10:45
17,loss,2023-08-15T18:15:00Z,2023-08-15T18:15:00Z,2023-08-15T19:15:00Z,long,0,178,444.094405,443.25546241368716,444.93334758631283,443.2111368674458,stop,-157.22172759464377,1.78,-159.00172759464377,-1.0647547843292833,99747.3433650239,701,active,2,2,pivot|repeated_pivot,2023-08-15T18:00:00Z,0.25,443.34,443.97,0.6300000000000523,1.6907517262566218,0.3726153226499389,2023-08-15T18:00:00Z,444.05,444.2,443.8,444.06,0.005914528930945541,0.23658115723802334,0.2698412698412727,False,False,0.07357969716547567,0.4961950198154078,False,1.0,2023,Tuesday,14:15
21,loss,2024-01-03T19:30:00Z,2024-01-03T19:30:00Z,2024-01-03T20:45:00Z,long,0,63,470.997095,468.6380219517864,473.3561680482136,468.59115814959125,stop,-151.57402157575126,0.63,-152.20402157575126,-1.0241042990331402,100021.98064496323,801,active,3,3,pivot|repeated_pivot|role_flip,2024-01-03T19:00:00Z,0.5,468.71,469.39,0.6800000000000068,1.439560964271422,0.4723662400391375,2024-01-03T19:15:00Z,469.56,471.19,469.22,470.94,0.9586256047852958,1.3684727836427613,0.2499999999999373,False,False,1.116378562552496,1.6387448025916302,False,1.25,2024,Wednesday,14:30
22,loss,2024-04-10T18:15:00Z,2024-04-10T18:15:00Z,2024-04-10T19:00:00Z,long,0,80,514.411436,512.5552417704795,516.2676302295205,512.5039862463025,stop,-152.59598029580047,0.8,-153.39598029580048,-1.0330006004774794,99868.58466466743,888,active,2,2,pivot|repeated_pivot,2024-04-10T17:00:00Z,1.25,512.67,513.48,0.8100000000000591,2.2951645904103524,0.3529158664195143,2024-04-10T18:00:00Z,513.78,514.55,513.21,514.37,0.2570621743055672,0.583836124693933,0.3333333333332866,False,False,0.40582536167196226,0.8087412280914583,False,0.75,2024,Wednesday,14:15
24,loss,2024-07-18T15:00:00Z,2024-07-18T15:00:00Z,2024-07-18T15:00:00Z,long,0,101,556.8956840000001,555.420531155762,558.3708368442382,555.3649891026464,stop,-154.60018463272058,1.01,-155.61018463272057,-1.044430686197419,99845.02686373281,965,active,2,2,pivot|repeated_pivot,2024-07-12T15:00:00Z,144.0,555.52,556.021486701079,0.5014867010789885,1.9893768847592959,0.25208230020208855,2024-07-18T14:45:00Z,556.25,557.68,555.63,556.87,0.3116553754845811,1.0304734189409233,0.7806522091945013,False,False,0.439432721682034,0.7415150218841422,True,0.0,2024,Thursday,11:00
25,loss,2024-09-03T15:30:00Z,2024-09-03T15:30:00Z,2024-09-03T16:45:00Z,long,0,93,556.445639,554.8428530776939,558.0484249223061,554.7873687923861,stop,-154.2191293080923,0.93,-155.1491293080923,-1.040856538853027,99689.87773442472,1001,touched,2,2,pivot|repeated_pivot,2024-08-29T15:00:00Z,120.5,554.98,556.03,1.0499999999999545,2.7429384461224506,0.38280115307883955,2024-09-03T15:15:00Z,556.37,556.77,555.95,556.38,0.0036457252674143618,0.29894947192822635,0.0761904761904102,False,False,0.15153056044244187,0.5843317135212737,False,1.25,2024,Tuesday,11:30
27,loss,2025-01-07T16:00:00Z,2025-01-07T16:00:00Z,2025-01-07T17:45:00Z,long,0,43,593.509345,590.0384515570281,596.980238442972,589.9794477118725,stop,-151.7855833894862,0.43,-152.2155833894862,-1.019880715524519,99681.93677983154,1081,verified,3,4,pivot|repeated_pivot|role_flip,2025-01-02T19:00:00Z,117.0,590.18,591.13,0.9500000000000455,2.830968859437379,0.3355741610626005,2025-01-07T15:45:00Z,591.18,593.49,590.27,593.44,0.7983132673699747,1.1374197880226642,0.9052631578947079,False,False,0.840470212898394,1.2260443739609839,False,1.75,2025,Tuesday,11:00
35,loss,2025-12-04T17:45:00Z,2025-12-04T17:45:00Z,2025-12-04T19:15:00Z,long,0,145,684.258419,683.2225749146165,685.2942630853835,683.1542526571251,stop,-160.10411971686324,1.45,-161.55411971686323,-1.0756120140054186,100503.25431514757,1389,verified,2,3,pivot|repeated_pivot,2025-12-02T20:00:00Z,45.75,683.3319649060243,683.82,0.4880350939757818,2.18779982815576,0.22307118215069,2025-12-04T17:30:00Z,684.03,684.37,683.59,684.18,0.06856203116462538,0.3565225620560935,0.47127758400798875,False,False,0.2003926476077684,0.4734638297584357,False,1.5,2025,Thursday,12:45
37,loss,2026-02-04T17:00:00Z,2026-02-04T17:00:00Z,2026-02-04T17:15:00Z,long,0,54,686.6486580000001,683.8750074484938,689.4223085515064,683.8066199477489,stop,-153.47005482156237,0.54,-154.01005482156236,-1.0282614912330168,100189.65356813921,1433,active,3,3,pivot|repeated_pivot|role_flip,2026-02-04T16:00:00Z,1.0,684.03,685.13,1.1000000000000227,3.09985103012511,0.3548557621995231,2026-02-04T16:45:00Z,685.42,686.77,684.33,686.59,0.3774374925213266,0.7871345997879977,0.7272727272726709,False,False,0.48991322010038013,0.894768982299889,False,0.25,2026,Wednesday,12:00
39,loss,2026-02-25T16:30:00Z,2026-02-25T16:30:00Z,2026-02-26T15:00:00Z,long,0,60,691.5491480000001,689.0454145220291,694.052881477971,688.9765099805769,stop,-154.35828116538914,0.6,-154.95828116538914,-1.0315147527268471,100177.67221233502,1453,verified,3,3,pivot|repeated_pivot|role_flip,2026-02-23T15:30:00Z,49.0,689.18,690.6973876717896,1.5173876717896064,2.691709559417306,0.5637263747423352,2026-02-25T16:15:00Z,691.13,691.58,690.69,691.47,0.12631377661475263,0.3306448858444635,0.0048686778776769815,False,False,0.3164384230202346,0.9301647977625674,False,22.5,2026,Wednesday,11:30
42,loss,2026-07-13T15:00:00Z,2026-07-13T15:00:00Z,2026-07-13T16:30:00Z,long,0,48,752.815274,749.6906275977119,755.9399204022882,749.6156585349521,stop,-153.58154232230117,0.48,-154.06154232230116,-1.0271931770255935,100308.9716437781,1559,verified,3,5,order_block|pivot|repeated_pivot,2026-07-02T18:00:00Z,261.0,749.8038968563882,751.31,1.5061031436117673,2.2653851735249653,0.6648331423782798,2026-07-13T14:45:00Z,751.51,752.79,751.0,752.74,0.54295402582075,0.7901526066822019,0.20582919656919263,False,False,0.6644671367994679,1.3793002791777567,False,1.5,2026,Monday,11:00
