decision_timestamp,entry_timestamp,side,entry_reference,jaw,stop_reference,zone_id,zone_side,zone_lower,zone_upper,zone_status,qualified_score,current_score,trigger_timestamp,trigger_open,trigger_high,trigger_low,trigger_close,one_hour_atr,one_hour_atr_timestamp,stop_buffer,long_zone_penetration_fraction,reward_to_risk
2021-05-21T15:15:00Z,2021-05-21T15:15:00Z,long,1.41692,1.4146363147865113,1.4146363147865113,953,demand,1.41473,1.415845,verified,2,3,2021-05-21T15:00:00Z,1.416255,1.416965,1.415755,1.41692,0.0018737042697751422,2021-05-21T15:00:00Z,9.368521348875712e-05,0.08071748878917069,1.0
2021-05-23T22:00:00Z,2021-05-23T22:00:00Z,long,1.4156,1.4139828459258132,1.4139828459258132,975,demand,1.414065,1.41468,active,3,3,2021-05-23T21:45:00Z,1.41524,1.41608,1.41459,1.4156,0.0016430814837314017,2021-05-21T21:00:00Z,8.21540741865701e-05,0.14634146341450205,1.0
2021-05-27T10:45:00Z,2021-05-27T10:45:00Z,short,1.41334,1.414216130534849,1.414216130534849,976,supply,1.41362,1.41414,rejected,4,4,2021-05-27T10:30:00Z,1.41356,1.413775,1.41316,1.41334,0.0015226106969810243,2021-05-27T10:00:00Z,7.613053484905122e-05,,1.0
2021-05-27T13:00:00Z,2021-05-27T13:00:00Z,short,1.415705,1.4173021270171515,1.4173021270171515,977,supply,1.41657,1.417205,touched,4,4,2021-05-27T12:45:00Z,1.416315,1.41682,1.415545,1.415705,0.0019425403430274435,2021-05-27T13:00:00Z,9.712701715137218e-05,,1.0
2021-05-31T07:30:00Z,2021-05-31T07:30:00Z,short,1.41805,1.4185910475058943,1.4185910475058943,979,supply,1.418125,1.41852,verified,3,3,2021-05-31T07:15:00Z,1.41811,1.41858,1.417715,1.41805,0.001420950117884195,2021-05-31T07:00:00Z,7.104750589420976e-05,,1.0
2021-06-07T02:15:00Z,2021-06-07T02:15:00Z,short,1.414175,1.4150515150273213,1.4150515150273213,1025,supply,1.414345,1.41498,verified,3,3,2021-06-07T02:00:00Z,1.414265,1.41445,1.41389,1.414175,0.0014303005464291721,2021-06-07T02:00:00Z,7.151502732145861e-05,,1.0
2021-06-08T07:15:00Z,2021-06-08T07:15:00Z,short,1.415335,1.4160035327249811,1.4160035327249811,1024,supply,1.41543,1.415945,verified,3,3,2021-06-08T07:00:00Z,1.415415,1.416535,1.415255,1.415335,0.001170654499624241,2021-06-08T07:00:00Z,5.8532724981212055e-05,,1.0
2021-06-10T12:00:00Z,2021-06-10T12:00:00Z,short,1.41015,1.4113000955283126,1.4113000955283126,1036,supply,1.41084,1.41123,verified,4,5,2021-06-10T11:45:00Z,1.410755,1.411035,1.409905,1.41015,0.0014019105662501693,2021-06-10T12:00:00Z,7.009552831250847e-05,,1.0
2021-06-16T11:15:00Z,2021-06-16T11:15:00Z,short,1.4113,1.4124497854356033,1.4124497854356033,1049,supply,1.41177,1.412385,active,3,3,2021-06-16T11:00:00Z,1.411685,1.411865,1.410985,1.4113,0.0012957087120661378,2021-06-16T11:00:00Z,6.47854356033069e-05,,1.0
2021-06-16T16:15:00Z,2021-06-16T16:15:00Z,long,1.411295,1.410326508393561,1.410326508393561,1064,demand,1.410395,1.410805,verified,3,3,2021-06-16T16:00:00Z,1.410875,1.41138,1.410775,1.411295,0.0013698321287803727,2021-06-16T16:00:00Z,6.849160643901864e-05,0.0731707317077926,1.0
2021-06-25T16:15:00Z,2021-06-25T16:15:00Z,long,1.390155,1.3888591560986203,1.3888591560986203,1111,demand,1.388945,1.38961,active,2,2,2021-06-25T16:00:00Z,1.389805,1.39023,1.389575,1.390155,0.0017168780275950508,2021-06-25T16:00:00Z,8.584390137975255e-05,0.052631578947385994,1.0
2021-07-08T21:30:00Z,2021-07-08T21:30:00Z,short,1.378565,1.3798307323894554,1.3798307323894554,1154,supply,1.3788,1.37974,touched,3,3,2021-07-08T21:15:00Z,1.378725,1.37899,1.378375,1.378565,0.0018146477891104794,2021-07-08T21:00:00Z,9.073238945552398e-05,,1.0
2021-07-09T05:45:00Z,2021-07-09T05:45:00Z,long,1.37826,1.3770350686215227,1.3770350686215227,1137,demand,1.37711,1.37796,verified,3,3,2021-07-09T05:30:00Z,1.378005,1.37849,1.37777,1.37826,0.001498627569546855,2021-07-09T05:00:00Z,7.493137847734276e-05,0.22352941176485955,1.0
2021-07-13T12:00:00Z,2021-07-13T12:00:00Z,long,1.38497,1.383542998738456,1.383542998738456,1141,demand,1.38361,1.38448,active,3,3,2021-07-13T11:45:00Z,1.38451,1.38507,1.384345,1.38497,0.0013400252308784113,2021-07-13T12:00:00Z,6.700126154392057e-05,0.15517241379311225,1.0
2021-07-16T07:15:00Z,2021-07-16T07:15:00Z,long,1.38177,1.379950448200798,1.379950448200798,1153,demand,1.380025,1.380855,touched,3,3,2021-07-16T07:00:00Z,1.38129,1.38235,1.380675,1.38177,0.0014910359840390023,2021-07-16T07:00:00Z,7.455179920195013e-05,0.21686746987936337,1.0
2021-07-28T11:45:00Z,2021-07-28T11:45:00Z,long,1.38734,1.385747875455705,1.385747875455705,1181,demand,1.3858296248171749,1.386675,verified,4,4,2021-07-28T11:30:00Z,1.386755,1.38757,1.38652,1.38734,0.001634987229394025,2021-07-28T11:00:00Z,8.174936146970125e-05,0.1833505444081273,1.0
2021-08-02T13:30:00Z,2021-08-02T13:30:00Z,long,1.3895,1.388340361738011,1.388340361738011,1229,demand,1.38842,1.389125,touched,3,3,2021-08-02T13:15:00Z,1.38919,1.38996,1.38905,1.3895,0.001592765239781656,2021-08-02T13:00:00Z,7.963826198908281e-05,0.10638297872347798,1.0
2021-08-06T06:30:00Z,2021-08-06T06:30:00Z,long,1.39204,1.3914741715613916,1.3914741715613916,1252,demand,1.39153,1.391905,active,3,3,2021-08-06T06:15:00Z,1.391955,1.39229,1.39183,1.39204,0.0011165687721650813,2021-08-06T06:00:00Z,5.582843860825407e-05,0.20000000000011842,1.0
2021-08-16T11:45:00Z,2021-08-16T11:45:00Z,short,1.387055,1.3879255036075142,1.3879255036075142,1289,supply,1.3873920056661992,1.387865,active,2,2,2021-08-16T11:30:00Z,1.38735,1.38753,1.38676,1.387055,0.0012100721502879123,2021-08-16T11:00:00Z,6.0503607514395615e-05,,1.0
2021-08-22T22:30:00Z,2021-08-22T22:30:00Z,short,1.36241,1.3636751003933048,1.3636751003933048,1312,supply,1.36296,1.36361,active,3,3,2021-08-22T22:15:00Z,1.362845,1.36298,1.36239,1.36241,0.0013020078660938576,2021-08-22T22:15:00Z,6.510039330469289e-05,,1.0
2021-08-25T09:30:00Z,2021-08-25T09:30:00Z,short,1.37232,1.3734635105562336,1.3734635105562336,1321,supply,1.373005,1.3734,touched,3,3,2021-08-25T09:15:00Z,1.372975,1.373085,1.37218,1.37232,0.001270211124672255,2021-08-25T09:00:00Z,6.351055623361275e-05,,1.0
2021-08-31T20:15:00Z,2021-08-31T20:15:00Z,long,1.375155,1.374205441543693,1.374205441543693,1306,demand,1.374285,1.374795,active,3,3,2021-08-31T20:00:00Z,1.37486,1.375225,1.37479,1.375155,0.001591169126138957,2021-08-31T20:00:00Z,7.955845630694786e-05,0.009803921568691478,1.0
2021-09-08T09:15:00Z,2021-09-08T09:15:00Z,short,1.37593,1.3769609896954103,1.3769609896954103,1347,supply,1.3766262626017804,1.3769,verified,3,3,2021-09-08T09:00:00Z,1.37633,1.376915,1.37564,1.37593,0.0012197939082049332,2021-09-08T09:00:00Z,6.098969541024666e-05,,1.0
2021-09-08T13:00:00Z,2021-09-08T13:00:00Z,short,1.376585,1.3781195123565861,1.3781195123565861,1359,supply,1.377515,1.378055,verified,3,3,2021-09-08T12:45:00Z,1.377445,1.37771,1.376575,1.376585,0.0012902471317222317,2021-09-08T13:00:00Z,6.451235658611159e-05,,1.0
2021-09-13T12:30:00Z,2021-09-13T12:30:00Z,short,1.38351,1.3846816309419745,1.3846816309419745,1364,supply,1.384015,1.384615,active,3,4,2021-09-13T12:15:00Z,1.3838,1.38409,1.383025,1.38351,0.0013326188394922121,2021-09-13T12:00:00Z,6.663094197461061e-05,,1.0
2021-09-22T09:15:00Z,2021-09-22T09:15:00Z,short,1.363325,1.3644360525504695,1.3644360525504695,1425,supply,1.364045,1.36437,verified,2,3,2021-09-22T09:00:00Z,1.363865,1.364135,1.363305,1.363325,0.0013210510093868237,2021-09-22T09:00:00Z,6.60525504693412e-05,,1.0
2021-10-12T10:30:00Z,2021-10-12T10:30:00Z,short,1.360185,1.3618998878073423,1.3618998878073423,1484,supply,1.36097,1.36182,rejected,2,3,2021-10-12T10:15:00Z,1.36058,1.36111,1.359995,1.360185,0.0015977561468444236,2021-10-12T10:00:00Z,7.988780734222118e-05,,1.0
2021-10-12T15:30:00Z,2021-10-12T15:30:00Z,long,1.360145,1.3582030798209053,1.3582030798209053,1468,demand,1.358305,1.359195,rejected,3,4,2021-10-12T15:15:00Z,1.35973,1.36018,1.35915,1.360145,0.0020384035818972563,2021-10-12T15:00:00Z,0.00010192017909486283,0.05056179775265061,1.0
2021-10-25T13:15:00Z,2021-10-25T13:15:00Z,long,1.3761,1.3737331217695568,1.3737331217695568,1506,demand,1.373825,1.3746577365783452,rejected,3,3,2021-10-25T13:00:00Z,1.37486,1.37618,1.374575,1.3761,0.0018375646088675634,2021-10-25T13:00:00Z,9.187823044337818e-05,0.09935504275498429,1.0
2021-10-26T07:15:00Z,2021-10-26T07:15:00Z,short,1.377545,1.3795240629504224,1.3795240629504224,1523,supply,1.378595,1.3794608511964739,active,4,4,2021-10-26T07:00:00Z,1.378005,1.37879,1.37734,1.377545,0.0012642350789719098,2021-10-26T07:00:00Z,6.321175394859549e-05,,1.0
2021-10-26T07:45:00Z,2021-10-26T07:45:00Z,short,1.37659,1.3782232117539486,1.3782232117539486,1525,supply,1.37732,1.37816,touched,3,3,2021-10-26T07:30:00Z,1.37668,1.37759,1.37622,1.37659,0.0012642350789719098,2021-10-26T07:00:00Z,6.321175394859549e-05,,1.0
2021-10-27T17:30:00Z,2021-10-27T17:30:00Z,short,1.375315,1.376246298470899,1.376246298470899,1536,supply,1.375675,1.376145,verified,3,5,2021-10-27T17:15:00Z,1.375605,1.375915,1.37523,1.375315,0.002025969417980008,2021-10-27T17:00:00Z,0.00010129847089900041,,1.0
2021-11-05T17:15:00Z,2021-11-05T17:15:00Z,short,1.350365,1.3510191103470695,1.3510191103470695,1577,supply,1.350485,1.350905,active,2,2,2021-11-05T17:00:00Z,1.350415,1.350715,1.350235,1.350365,0.002282206941387544,2021-11-05T17:00:00Z,0.0001141103470693772,,1.0
2021-11-15T16:00:00Z,2021-11-15T16:00:00Z,short,1.343185,1.3444699336023016,1.3444699336023016,1609,supply,1.34371,1.34439,active,2,2,2021-11-15T15:45:00Z,1.34365,1.34411,1.34304,1.343185,0.0015986720460330086,2021-11-15T16:00:00Z,7.993360230165043e-05,,1.0
2021-11-16T00:45:00Z,2021-11-16T00:45:00Z,long,1.34168,1.340458423491932,1.340458423491932,1606,demand,1.340535,1.341165,active,3,3,2021-11-16T00:30:00Z,1.341205,1.341745,1.341155,1.34168,0.001531530161362756,2021-11-16T00:00:00Z,7.65765080681378e-05,0.015873015872769715,1.0
2021-11-18T15:45:00Z,2021-11-18T15:45:00Z,short,1.347385,1.3489665075146449,1.3489665075146449,1578,supply,1.348365,1.348885,verified,4,4,2021-11-18T15:30:00Z,1.34784,1.34872,1.347295,1.347385,0.001630150292898883,2021-11-18T15:00:00Z,8.150751464494415e-05,,1.0
2021-11-24T06:30:00Z,2021-11-24T06:30:00Z,short,1.337995,1.3388869250295128,1.3388869250295128,1640,supply,1.33843,1.338825,active,3,3,2021-11-24T06:15:00Z,1.338265,1.338505,1.33779,1.337995,0.0012385005902583038,2021-11-24T06:00:00Z,6.19250295129152e-05,,1.0
2021-11-30T07:00:00Z,2021-11-30T07:00:00Z,short,1.33223,1.3333561415810882,1.3333561415810882,1654,supply,1.332665,1.333285,active,3,3,2021-11-30T06:45:00Z,1.332285,1.332825,1.332035,1.33223,0.0014228316217642493,2021-11-30T07:00:00Z,7.114158108821246e-05,,1.0
2021-12-02T14:45:00Z,2021-12-02T14:45:00Z,long,1.33128,1.329815061134343,1.329815061134343,1655,demand,1.329905,1.330595,verified,3,3,2021-12-02T14:30:00Z,1.33096,1.331375,1.330585,1.33128,0.0017987773131399043,2021-12-02T14:00:00Z,8.993886565699521e-05,0.014492753623281682,1.0
2021-12-20T14:45:00Z,2021-12-20T14:45:00Z,short,1.323605,1.3245110651859078,1.3245110651859078,1694,supply,1.323725,1.32443,touched,4,4,2021-12-20T14:30:00Z,1.323695,1.323855,1.323045,1.323605,0.0016213037181554441,2021-12-20T14:00:00Z,8.10651859077722e-05,,1.0
2022-01-05T11:00:00Z,2022-01-05T11:00:00Z,long,1.35328,1.3521565437038106,1.3521565437038106,1772,demand,1.352225,1.352845,active,3,3,2022-01-05T10:45:00Z,1.352965,1.35359,1.352805,1.35328,0.0013691259237891286,2022-01-05T11:00:00Z,6.845629618945643e-05,0.06451612903231582,1.0
2022-01-07T09:30:00Z,2022-01-07T09:30:00Z,short,1.354645,1.355815920823598,1.355815920823598,1781,supply,1.3551725575413178,1.35575,active,3,3,2022-01-07T09:15:00Z,1.354925,1.355305,1.35443,1.354645,0.001318416471960426,2022-01-07T09:00:00Z,6.59208235980213e-05,,1.0
2022-01-13T19:15:00Z,2022-01-13T19:15:00Z,long,1.371825,1.3708923368483148,1.3708923368483148,1801,demand,1.37097,1.3715341807488326,rejected,4,4,2022-01-13T19:00:00Z,1.37155,1.372035,1.37146,1.371825,0.0015532630337028914,2022-01-13T19:00:00Z,7.766315168514458e-05,0.13148401285615438,1.0
2022-02-09T20:15:00Z,2022-02-09T20:15:00Z,short,1.35323,1.3539981349264785,1.3539981349264785,1882,supply,1.35358,1.35392,verified,2,3,2022-02-09T20:00:00Z,1.35356,1.353715,1.35311,1.35323,0.0015626985295674825,2022-02-09T20:00:00Z,7.813492647837413e-05,,1.0
2022-02-11T08:00:00Z,2022-02-11T08:00:00Z,short,1.35348,1.355199089573881,1.355199089573881,1871,supply,1.35437,1.3551,verified,3,3,2022-02-11T07:45:00Z,1.353865,1.35441,1.35346,1.35348,0.001981791477622417,2022-02-11T08:00:00Z,9.908957388112086e-05,,1.0
2022-02-14T20:45:00Z,2022-02-14T20:45:00Z,long,1.352845,1.3512814551717327,1.3512814551717327,1867,demand,1.35139,1.352375,verified,3,3,2022-02-14T20:30:00Z,1.35255,1.353105,1.35232,1.352845,0.0021708965653492646,2022-02-14T20:00:00Z,0.00010854482826746324,0.055837563451916254,1.0
2022-02-15T13:45:00Z,2022-02-15T13:45:00Z,long,1.354815,1.3523204051177105,1.3523204051177105,1877,demand,1.352405,1.353095,active,4,4,2022-02-15T13:30:00Z,1.353985,1.35534,1.35297,1.354815,0.0016918976457933313,2022-02-15T13:00:00Z,8.459488228966658e-05,0.18115942028979212,1.0
2022-02-16T07:30:00Z,2022-02-16T07:30:00Z,short,1.35576,1.3568924068924482,1.3568924068924482,1889,supply,1.3560293871472564,1.356825,active,3,3,2022-02-16T07:15:00Z,1.35589,1.356295,1.355575,1.35576,0.0013481378489633054,2022-02-16T07:00:00Z,6.740689244816527e-05,,1.0
2022-02-16T13:45:00Z,2022-02-16T13:45:00Z,long,1.355405,1.3535717317204035,1.3535717317204035,1888,demand,1.353645,1.3541,active,3,3,2022-02-16T13:30:00Z,1.354895,1.35561,1.354085,1.355405,0.0014653655919324305,2022-02-16T13:00:00Z,7.326827959662153e-05,0.03296703296724211,1.0
2022-02-18T19:15:00Z,2022-02-18T19:15:00Z,short,1.359575,1.3606060552625223,1.3606060552625223,1916,supply,1.3599417865917438,1.360525,verified,3,3,2022-02-18T19:00:00Z,1.359825,1.35997,1.359495,1.359575,0.0016211052504455827,2022-02-18T19:00:00Z,8.105526252227915e-05,,1.0
2022-03-01T02:15:00Z,2022-03-01T02:15:00Z,short,1.34133,1.3425960352498887,1.3425960352498887,1943,supply,1.341675,1.342495,active,2,2,2022-03-01T02:00:00Z,1.34166,1.342175,1.341295,1.34133,0.0020207049977718815,2022-03-01T02:00:00Z,0.00010103524988859408,,1.0
2022-03-03T03:00:00Z,2022-03-03T03:00:00Z,short,1.339535,1.341031567899201,1.341031567899201,1949,supply,1.3398301858596657,1.340925,active,4,4,2022-03-03T02:45:00Z,1.339585,1.340005,1.3395,1.339535,0.0021313579840220656,2022-03-03T03:00:00Z,0.00010656789920110329,,1.0
2022-03-04T11:00:00Z,2022-03-04T11:00:00Z,short,1.331235,1.3326166085131417,1.3326166085131417,1960,supply,1.33156,1.33252,verified,2,3,2022-03-04T10:45:00Z,1.331485,1.33169,1.33094,1.331235,0.0019321702628360014,2022-03-04T11:00:00Z,9.660851314180008e-05,,1.0
2022-03-08T18:45:00Z,2022-03-08T18:45:00Z,short,1.311515,1.3135025482038714,1.3135025482038714,1972,supply,1.312165,1.31337,rejected,2,2,2022-03-08T18:30:00Z,1.312085,1.312185,1.310545,1.311515,0.0026509640774301166,2022-03-08T18:00:00Z,0.00013254820387150582,,1.0
2022-03-11T00:30:00Z,2022-03-11T00:30:00Z,short,1.309655,1.3112588948656867,1.3112588948656867,1971,supply,1.31015,1.311155,verified,4,4,2022-03-11T00:15:00Z,1.30992,1.310285,1.30965,1.309655,0.002077897313731453,2022-03-11T00:00:00Z,0.00010389486568657266,,1.0
2022-03-21T09:15:00Z,2022-03-21T09:15:00Z,short,1.314925,1.3160244321502144,1.3160244321502144,2010,supply,1.315365,1.31595,verified,3,4,2022-03-21T09:00:00Z,1.31499,1.31546,1.314165,1.314925,0.0014886430042897654,2022-03-21T09:00:00Z,7.443215021448828e-05,,1.0
2022-03-28T04:15:00Z,2022-03-28T04:15:00Z,short,1.315345,1.3163388026094118,1.3163388026094118,2037,supply,1.315695,1.316255,verified,2,3,2022-03-28T04:00:00Z,1.315435,1.31573,1.315125,1.315345,0.001676052188238634,2022-03-28T04:00:00Z,8.38026094119317e-05,,1.0
2022-03-31T15:15:00Z,2022-03-31T15:15:00Z,short,1.31577,1.3183674021827465,1.3183674021827465,2032,supply,1.31736,1.31826,active,3,3,2022-03-31T15:00:00Z,1.316135,1.31758,1.315425,1.31577,0.002148043654929005,2022-03-31T15:00:00Z,0.00010740218274645027,,1.0
2022-04-01T07:45:00Z,2022-04-01T07:45:00Z,long,1.312555,1.3108120325647605,1.3108120325647605,2050,demand,1.31089,1.311585,rejected,3,3,2022-04-01T07:30:00Z,1.311775,1.31265,1.311555,1.312555,0.001559348704792141,2022-04-01T07:00:00Z,7.796743523960706e-05,0.0431654676258694,1.0
2022-04-05T07:15:00Z,2022-04-05T07:15:00Z,short,1.313245,1.3146330249067988,1.3146330249067988,2058,supply,1.31414,1.31457,active,3,3,2022-04-05T07:00:00Z,1.31358,1.314495,1.31316,1.313245,0.0012604981359771276,2022-04-05T07:00:00Z,6.302490679885638e-05,,1.0
2022-04-18T01:30:00Z,2022-04-18T01:30:00Z,long,1.30502,1.3032924223291926,1.3032924223291926,2093,demand,1.30335,1.303965,touched,3,3,2022-04-18T01:15:00Z,1.30453,1.305115,1.303895,1.30502,0.0011515534161472155,2022-04-18T01:00:00Z,5.757767080736078e-05,0.11382113821139972,1.0
2022-04-18T23:00:00Z,2022-04-18T23:00:00Z,long,1.30101,1.3004363106514703,1.3004363106514703,2117,demand,1.30049,1.300965,active,2,2,2022-04-18T22:45:00Z,1.30098,1.301115,1.3009,1.30101,0.001073786970593817,2022-04-18T23:00:00Z,5.368934852969086e-05,0.13684210526311852,1.0
2022-04-21T03:15:00Z,2022-04-21T03:15:00Z,long,1.304925,1.303815425161686,1.303815425161686,2118,demand,1.3038943914714682,1.30451,verified,2,3,2022-04-21T03:00:00Z,1.304655,1.304935,1.304435,1.304925,0.001579326195645182,2022-04-21T03:00:00Z,7.89663097822591e-05,0.12183067083056291,1.0
2022-05-04T06:45:00Z,2022-05-04T06:45:00Z,short,1.24779,1.2498195906500242,1.2498195906500242,2162,supply,1.2485275200628159,1.249735,verified,3,4,2022-05-04T06:30:00Z,1.24822,1.24858,1.24777,1.24779,0.0016918130004849844,2022-05-04T06:00:00Z,8.459065002424922e-05,,1.0
2022-05-05T09:15:00Z,2022-05-05T09:15:00Z,long,1.25516,1.2534571856743448,1.2534571856743448,2152,demand,1.253605,1.25425,rejected,3,3,2022-05-05T09:00:00Z,1.254635,1.255205,1.25415,1.25516,0.0029562865131067513,2022-05-05T09:00:00Z,0.00014781432565533757,0.1550387596899038,1.0
2022-05-16T09:15:00Z,2022-05-16T09:15:00Z,short,1.222485,1.2250188757983294,1.2250188757983294,2207,supply,1.223755,1.224905,verified,3,3,2022-05-16T09:00:00Z,1.223595,1.224265,1.22228,1.222485,0.002277515966589811,2022-05-16T09:00:00Z,0.00011387579832949056,,1.0
2022-05-20T08:00:00Z,2022-05-20T08:00:00Z,short,1.247405,1.250252302129041,1.250252302129041,2224,supply,1.2489987694266036,1.250135,verified,2,4,2022-05-20T07:45:00Z,1.24848,1.24929,1.24731,1.247405,0.002346042580822586,2022-05-20T08:00:00Z,0.00011730212904112931,,1.0
2022-05-30T14:30:00Z,2022-05-30T14:30:00Z,short,1.264435,1.2656240319841505,1.2656240319841505,2259,supply,1.2647,1.265535,active,2,2,2022-05-30T14:15:00Z,1.264565,1.26471,1.264155,1.264435,0.0017806396830103521,2022-05-30T14:00:00Z,8.903198415051761e-05,,1.0
2022-05-31T04:15:00Z,2022-05-31T04:15:00Z,short,1.26093,1.2621663288597007,1.2621663288597007,2254,supply,1.261645,1.26209,verified,3,3,2022-05-31T04:00:00Z,1.26164,1.26177,1.260925,1.26093,0.0015265771940153265,2022-05-31T04:00:00Z,7.632885970076632e-05,,1.0
2022-06-02T10:30:00Z,2022-06-02T10:30:00Z,short,1.25456,1.255744245177054,1.255744245177054,2240,supply,1.25476,1.2556489734417466,verified,3,3,2022-06-02T10:15:00Z,1.25465,1.25515,1.25445,1.25456,0.001905434706144376,2022-06-02T10:00:00Z,9.52717353072188e-05,,1.0
2022-06-02T12:30:00Z,2022-06-02T12:30:00Z,short,1.254535,1.2563806713438372,1.2563806713438372,2248,supply,1.25522,1.256289586276149,verified,3,3,2022-06-02T12:15:00Z,1.25508,1.255895,1.25449,1.254535,0.0018217013537673353,2022-06-02T12:00:00Z,9.108506768836677e-05,,1.0
2022-06-02T18:30:00Z,2022-06-02T18:30:00Z,short,1.25796,1.2593741570309889,1.2593741570309889,2251,supply,1.2586,1.259265,verified,3,3,2022-06-02T18:15:00Z,1.25855,1.25865,1.257875,1.25796,0.002183140619777414,2022-06-02T18:00:00Z,0.0001091570309888707,,1.0
2022-06-17T12:45:00Z,2022-06-17T12:45:00Z,long,1.22776,1.225018785939649,1.225018785939649,2313,demand,1.22523,1.22656,active,3,3,2022-06-17T12:30:00Z,1.2269,1.228715,1.226555,1.22776,0.004224281207019843,2022-06-17T12:00:00Z,0.00021121406035099215,0.003759398496265079,1.0
2022-07-04T02:45:00Z,2022-07-04T02:45:00Z,short,1.209095,1.2110326630403774,1.2110326630403774,2375,supply,1.209555,1.2109082883958864,active,3,3,2022-07-04T02:30:00Z,1.20919,1.20957,1.208995,1.209095,0.002487492889821997,2022-07-04T02:00:00Z,0.00012437464449109985,,1.0
2022-07-15T16:00:00Z,2022-07-15T16:00:00Z,short,1.18597,1.1883176636694666,1.1883176636694666,2407,supply,1.186655,1.1881764201214824,touched,3,3,2022-07-15T15:45:00Z,1.1866,1.18694,1.18593,1.18597,0.0028248709596836205,2022-07-15T16:00:00Z,0.00014124354798418102,,1.0
2022-07-25T02:30:00Z,2022-07-25T02:30:00Z,short,1.19911,1.2005648898804975,1.2005648898804975,2442,supply,1.199315,1.200425,verified,2,4,2022-07-25T02:15:00Z,1.19914,1.199625,1.198905,1.19911,0.0027977976099489996,2022-07-25T02:00:00Z,0.00013988988049745,,1.0
2022-07-25T06:15:00Z,2022-07-25T06:15:00Z,long,1.197385,1.1959492309291209,1.1959492309291209,2440,demand,1.19607,1.196735,active,3,3,2022-07-25T06:00:00Z,1.19708,1.19779,1.19673,1.197385,0.00241538141757999,2022-07-25T06:00:00Z,0.00012076907087899951,0.007518796992528903,1.0
2022-08-01T01:00:00Z,2022-08-01T01:00:00Z,short,1.217295,1.219281947412196,1.219281947412196,2465,supply,1.21821,1.21914,rejected,4,4,2022-08-01T00:45:00Z,1.217595,1.21823,1.21702,1.217295,0.0028389482439239236,2022-08-01T01:00:00Z,0.0001419474121961962,,1.0
2022-08-09T17:00:00Z,2022-08-09T17:00:00Z,long,1.208295,1.2068062319474202,1.2068062319474202,2498,demand,1.206905,1.207675,active,4,4,2022-08-09T16:45:00Z,1.207975,1.208325,1.207625,1.208295,0.001975361051594932,2022-08-09T17:00:00Z,9.87680525797466e-05,0.06493506493518852,1.0
2022-08-11T05:30:00Z,2022-08-11T05:30:00Z,long,1.21855,1.2171973462180936,1.2171973462180936,2468,demand,1.2172972224991294,1.21836,verified,5,5,2022-08-11T05:15:00Z,1.21848,1.21876,1.218355,1.21855,0.001997525620717869,2022-08-11T05:00:00Z,9.987628103589345e-05,0.004704653604292947,1.0
2022-08-17T06:15:00Z,2022-08-17T06:15:00Z,short,1.21085,1.214922521735601,1.214922521735601,2519,supply,1.214075,1.21484,active,2,2,2022-08-17T06:00:00Z,1.212105,1.214385,1.210635,1.21085,0.0016504347120213706,2022-08-17T06:00:00Z,8.252173560106853e-05,,1.0
2022-08-24T08:00:00Z,2022-08-24T08:00:00Z,short,1.182735,1.1837930129270056,1.1837930129270056,2540,supply,1.182875,1.183685,verified,2,3,2022-08-24T07:45:00Z,1.18281,1.183245,1.182195,1.182735,0.002160258540110652,2022-08-24T08:00:00Z,0.00010801292700553261,,1.0
2022-08-24T18:00:00Z,2022-08-24T18:00:00Z,long,1.17897,1.17742325608431,1.17742325608431,2548,demand,1.1775533318503544,1.178525,verified,2,3,2022-08-24T17:45:00Z,1.17871,1.179125,1.1785,1.17897,0.002601515320884742,2022-08-24T18:00:00Z,0.0001300757660442371,0.02572894872499256,1.0
2022-08-25T02:15:00Z,2022-08-25T02:15:00Z,short,1.181185,1.182820871838504,1.182820871838504,2546,supply,1.18179,1.182715,touched,4,4,2022-08-25T02:00:00Z,1.18167,1.18191,1.181185,1.181185,0.0021174367700812183,2022-08-25T02:00:00Z,0.00010587183850406092,,1.0
2022-09-07T08:30:00Z,2022-09-07T08:30:00Z,short,1.15073,1.1522384777234005,1.1522384777234005,2589,supply,1.15123,1.152125,touched,2,5,2022-09-07T08:15:00Z,1.150925,1.151445,1.150325,1.15073,0.0022695544680071855,2022-09-07T08:00:00Z,0.00011347772340035928,,1.0
2022-09-12T10:00:00Z,2022-09-12T10:00:00Z,short,1.16787,1.169531453704846,1.169531453704846,2570,supply,1.16842,1.169405,touched,4,4,2022-09-12T09:45:00Z,1.16801,1.1685,1.16767,1.16787,0.0025290740969210993,2022-09-12T10:00:00Z,0.00012645370484605498,,1.0
2022-09-13T14:00:00Z,2022-09-13T14:00:00Z,long,1.15662,1.1548962614061475,1.1548962614061475,2583,demand,1.155065,1.156005,touched,3,3,2022-09-13T13:45:00Z,1.15643,1.158465,1.155985,1.15662,0.003374771877049833,2022-09-13T14:00:00Z,0.00016873859385249166,0.021276595744585357,1.0
2022-09-15T14:45:00Z,2022-09-15T14:45:00Z,long,1.150235,1.1478726964601362,1.1478726964601362,2623,demand,1.147995,1.14911,rejected,2,2,2022-09-15T14:30:00Z,1.149165,1.15034,1.14888,1.150235,0.0024460707972774956,2022-09-15T14:00:00Z,0.00012230353986387478,0.20627802690599034,1.0
2022-09-20T11:45:00Z,2022-09-20T11:45:00Z,short,1.143195,1.1462110783851216,1.1462110783851216,2636,supply,1.145053979185064,1.1461,active,2,2,2022-09-20T11:30:00Z,1.1448,1.14556,1.14309,1.143195,0.0022215677024318378,2022-09-20T11:00:00Z,0.0001110783851215919,,1.0
2022-09-20T22:30:00Z,2022-09-20T22:30:00Z,long,1.13747,1.1354253685303484,1.1354253685303484,2635,demand,1.135535,1.13665,active,2,2,2022-09-20T22:15:00Z,1.137085,1.137575,1.13649,1.13747,0.0021926293930300245,2022-09-20T22:15:00Z,0.00010963146965150124,0.14349775784748095,1.0
2022-09-22T18:30:00Z,2022-09-22T18:30:00Z,long,1.125665,1.1234676541393511,1.1234676541393511,2643,demand,1.123665,1.1253609704717737,active,3,3,2022-09-22T18:15:00Z,1.125455,1.125715,1.125035,1.125665,0.003946917212976396,2022-09-22T18:00:00Z,0.00019734586064881982,0.19220291697225367,1.0
2022-10-06T04:45:00Z,2022-10-06T04:45:00Z,long,1.136225,1.1336619155961327,1.1336619155961327,2683,demand,1.133835,1.135695,verified,3,3,2022-10-06T04:30:00Z,1.13616,1.136295,1.135325,1.136225,0.003461688077342696,2022-10-06T04:00:00Z,0.00017308440386713483,0.19892473118278864,1.0
2022-10-13T15:15:00Z,2022-10-13T15:15:00Z,long,1.1292,1.121502938085367,1.121502938085367,2675,demand,1.121755,1.12348,verified,3,3,2022-10-13T15:00:00Z,1.12359,1.12951,1.123235,1.1292,0.005041238292660712,2022-10-13T15:00:00Z,0.0002520619146330356,0.14202898550727772,1.0
2022-10-17T10:45:00Z,2022-10-17T10:45:00Z,short,1.126155,1.1307789761847145,1.1307789761847145,2723,supply,1.128495,1.130565,active,3,3,2022-10-17T10:30:00Z,1.128265,1.12912,1.126125,1.126155,0.0042795236942885445,2022-10-17T10:00:00Z,0.00021397618471442724,,1.0
2022-10-19T09:15:00Z,2022-10-19T09:15:00Z,long,1.127225,1.1240070983186181,1.1240070983186181,2726,demand,1.124165,1.1260998568026042,touched,3,3,2022-10-19T09:00:00Z,1.12628,1.12793,1.126,1.127225,0.00315803362764091,2022-10-19T09:00:00Z,0.00015790168138204552,0.051609402034235884,1.0
2022-10-25T01:00:00Z,2022-10-25T01:00:00Z,short,1.131905,1.1342623564306067,1.1342623564306067,2732,supply,1.13226,1.13409,verified,4,4,2022-10-25T00:45:00Z,1.132005,1.132595,1.13168,1.131905,0.0034471286121322046,2022-10-25T01:00:00Z,0.00017235643060661024,,1.0
2022-10-28T01:30:00Z,2022-10-28T01:30:00Z,long,1.157945,1.154790300955144,1.154790300955144,2768,demand,1.15492,1.1561070818384633,active,2,2,2022-10-28T01:15:00Z,1.1563,1.157965,1.155905,1.157945,0.0025939808971212905,2022-10-28T01:00:00Z,0.00012969904485606452,0.17023412532783638,1.0
2022-10-31T03:45:00Z,2022-10-31T03:45:00Z,long,1.16027,1.1589797870978864,1.1589797870978864,2772,demand,1.15911,1.160045,verified,2,3,2022-10-31T03:30:00Z,1.160095,1.16065,1.1599,1.16027,0.002604258042272633,2022-10-31T03:00:00Z,0.00013021290211363165,0.1550802139038246,1.0
2022-10-31T08:30:00Z,2022-10-31T08:30:00Z,long,1.15652,1.1543080707344513,1.1543080707344513,2763,demand,1.15443,1.15551,verified,2,3,2022-10-31T08:15:00Z,1.156275,1.15682,1.155395,1.15652,0.0024385853109744485,2022-10-31T08:00:00Z,0.00012192926554872243,0.10648148148156525,1.0
2022-11-18T07:30:00Z,2022-11-18T07:30:00Z,short,1.190005,1.193328097627095,1.193328097627095,2836,supply,1.191925,1.19318,active,3,3,2022-11-18T07:15:00Z,1.191375,1.19193,1.18987,1.190005,0.002961952541900977,2022-11-18T07:00:00Z,0.00014809762709504888,,1.0
2022-11-22T11:15:00Z,2022-11-22T11:15:00Z,short,1.18629,1.188042683230125,1.188042683230125,2837,supply,1.186655,1.187925,verified,3,3,2022-11-22T11:00:00Z,1.18648,1.187285,1.186035,1.18629,0.0023536646025031282,2022-11-22T11:00:00Z,0.00011768323012515642,,1.0
2022-11-25T03:15:00Z,2022-11-25T03:15:00Z,short,1.21069,1.211436242169221,1.211436242169221,2856,supply,1.21089,1.211345,verified,3,3,2022-11-25T03:00:00Z,1.210715,1.21094,1.210105,1.21069,0.0018248433844229178,2022-11-25T03:00:00Z,9.124216922114589e-05,,1.0
2022-11-30T07:00:00Z,2022-11-30T07:00:00Z,long,1.196035,1.1939257274780843,1.1939257274780843,2871,demand,1.194055,1.195275,active,2,3,2022-11-30T06:45:00Z,1.19569,1.19618,1.195025,1.196035,0.002585450438316429,2022-11-30T07:00:00Z,0.00012927252191582145,0.20491803278695386,1.0
2022-11-30T21:30:00Z,2022-11-30T21:30:00Z,short,1.20485,1.2069648583374197,1.2069648583374197,2857,supply,1.20514,1.206755,touched,5,5,2022-11-30T21:15:00Z,1.205035,1.205175,1.20473,1.20485,0.004197166748393433,2022-11-30T21:00:00Z,0.00020985833741967165,,1.0
2022-12-16T08:15:00Z,2022-12-16T08:15:00Z,long,1.218325,1.2157732968546366,1.2157732968546366,2898,demand,1.215905,1.217395,touched,2,3,2022-12-16T08:00:00Z,1.21771,1.21951,1.217355,1.218325,0.0026340629072672287,2022-12-16T08:00:00Z,0.00013170314536336145,0.026845637583919623,1.0
2022-12-16T08:45:00Z,2022-12-16T08:45:00Z,long,1.217115,1.2142732968546366,1.2142732968546366,2905,demand,1.214405,1.2160663059074215,active,3,3,2022-12-16T08:30:00Z,1.216515,1.2174,1.21582,1.217115,0.0026340629072672287,2022-12-16T08:00:00Z,0.00013170314536336145,0.148260417495216,1.0
2022-12-29T14:00:00Z,2022-12-29T14:00:00Z,short,1.20497,1.2064607601991018,1.2064607601991018,2968,supply,1.20555,1.20636,active,3,3,2022-12-29T13:45:00Z,1.20534,1.20588,1.204495,1.20497,0.002015203982031308,2022-12-29T14:00:00Z,0.0001007601991015654,,1.0
2023-01-17T03:30:00Z,2023-01-17T03:30:00Z,long,1.219235,1.2166412886171507,1.2166412886171507,3016,demand,1.2167445729394892,1.218115,touched,3,3,2023-01-17T03:15:00Z,1.21841,1.219265,1.21808,1.219235,0.002065686446772582,2023-01-17T03:00:00Z,0.00010328432233862912,0.02553948401089002,1.0
2023-01-30T11:15:00Z,2023-01-30T11:15:00Z,short,1.24011,1.242017077705516,1.242017077705516,3065,supply,1.24103,1.24192,touched,2,2,2023-01-30T11:00:00Z,1.241005,1.24118,1.239855,1.24011,0.001941554110321704,2023-01-30T11:00:00Z,9.707770551608522e-05,,1.0
2023-02-01T11:30:00Z,2023-02-01T11:30:00Z,short,1.232645,1.2340927730290454,1.2340927730290454,3081,supply,1.23313,1.2340208085678375,active,3,3,2023-02-01T11:15:00Z,1.23275,1.233455,1.232575,1.232645,0.0014392892241567635,2023-02-01T11:00:00Z,7.196446120783817e-05,,1.0
2023-02-02T02:00:00Z,2023-02-02T02:00:00Z,long,1.23783,1.2365770803235112,1.2365770803235112,3077,demand,1.23669,1.237155,verified,3,3,2023-02-02T01:45:00Z,1.2376,1.23786,1.237095,1.23783,0.0022583935297765425,2023-02-02T02:00:00Z,0.00011291967648882714,0.1290322580644237,1.0
2023-02-12T23:15:00Z,2023-02-12T23:15:00Z,short,1.204945,1.2064560956885249,1.2064560956885249,3110,supply,1.205635,1.206355,verified,3,3,2023-02-12T23:00:00Z,1.20553,1.20567,1.20468,1.204945,0.0020219137704948586,2023-02-12T23:15:00Z,0.00010109568852474294,,1.0
2023-02-17T20:15:00Z,2023-02-17T20:15:00Z,short,1.2045,1.2058823819713473,1.2058823819713473,3106,supply,1.20488,1.20576,active,4,4,2023-02-17T20:00:00Z,1.20461,1.20495,1.20423,1.2045,0.0024476394269500844,2023-02-17T20:00:00Z,0.0001223819713475042,,1.0
2023-02-20T10:15:00Z,2023-02-20T10:15:00Z,long,1.203025,1.2013295658746979,1.2013295658746979,3137,demand,1.20143,1.20193,touched,4,4,2023-02-20T10:00:00Z,1.20218,1.20305,1.201895,1.203025,0.0020086825060440508,2023-02-20T10:00:00Z,0.00010043412530220254,0.07000000000002221,1.0
2023-02-24T01:15:00Z,2023-02-24T01:15:00Z,short,1.20213,1.2039257216443973,1.2039257216443973,3127,supply,1.20306,1.20383,verified,4,4,2023-02-24T01:00:00Z,1.20259,1.20333,1.20213,1.20213,0.0019144328879453392,2023-02-24T01:00:00Z,9.572164439726697e-05,,1.0
2023-03-06T07:30:00Z,2023-03-06T07:30:00Z,short,1.20355,1.2049499734463356,1.2049499734463356,3150,supply,1.20401,1.204865,active,3,3,2023-03-06T07:15:00Z,1.203705,1.20407,1.20316,1.20355,0.0016994689267114537,2023-03-06T07:00:00Z,8.497344633557268e-05,,1.0
2023-03-06T19:15:00Z,2023-03-06T19:15:00Z,long,1.202125,1.2007371462001204,1.2007371462001204,3180,demand,1.200835,1.2019,verified,3,3,2023-03-06T19:00:00Z,1.201975,1.20243,1.20178,1.202125,0.0019570759975952976,2023-03-06T19:00:00Z,9.785379987976488e-05,0.11267605633794595,1.0
2023-03-06T23:00:00Z,2023-03-06T23:00:00Z,short,1.20263,1.2037783393033292,1.2037783393033292,3178,supply,1.20269,1.20369,verified,4,4,2023-03-06T22:45:00Z,1.20266,1.202765,1.2025,1.20263,0.0017667860665877891,2023-03-06T22:00:00Z,8.833930332938946e-05,,1.0
2023-03-14T09:00:00Z,2023-03-14T09:00:00Z,long,1.216645,1.2135809977181249,1.2135809977181249,3218,demand,1.213705,1.2147845696074269,active,3,3,2023-03-14T08:45:00Z,1.2151,1.21699,1.214555,1.216645,0.0024800456375036134,2023-03-14T09:00:00Z,0.00012400228187518068,0.2126491945007584,1.0
2023-03-17T18:45:00Z,2023-03-17T18:45:00Z,short,1.21882,1.2205593218504545,1.2205593218504545,3221,supply,1.219235,1.22045,active,2,2,2023-03-17T18:30:00Z,1.21886,1.219335,1.218455,1.21882,0.002186437009087339,2023-03-17T18:00:00Z,0.00010932185045436694,,1.0
2023-04-10T11:30:00Z,2023-04-10T11:30:00Z,short,1.241715,1.2435851696988234,1.2435851696988234,3303,supply,1.242885,1.2435203334807354,touched,3,3,2023-04-10T11:15:00Z,1.242705,1.242935,1.24142,1.241715,0.001296724361757631,2023-04-10T11:00:00Z,6.483621808788155e-05,,1.0
2023-05-03T16:00:00Z,2023-05-03T16:00:00Z,short,1.254505,1.2561064903984704,1.2561064903984704,3380,supply,1.255065,1.256015,active,3,4,2023-05-03T15:45:00Z,1.254715,1.25538,1.254385,1.254505,0.0018298079694055475,2023-05-03T16:00:00Z,9.149039847027738e-05,,1.0
2023-05-10T00:00:00Z,2023-05-10T00:00:00Z,short,1.262435,1.2629998706581176,1.2629998706581176,3410,supply,1.262535,1.262935,active,3,3,2023-05-09T23:45:00Z,1.26246,1.262595,1.26236,1.262435,0.0012974131623549976,2023-05-10T00:00:00Z,6.487065811774988e-05,,1.0
2023-05-10T16:15:00Z,2023-05-10T16:15:00Z,long,1.26164,1.2601527543783997,1.2601527543783997,3416,demand,1.26026,1.26104,active,4,4,2023-05-10T16:00:00Z,1.261195,1.26172,1.26091,1.26164,0.0021449124320054693,2023-05-10T16:00:00Z,0.00010724562160027347,0.16666666666661922,1.0
2023-05-22T10:45:00Z,2023-05-22T10:45:00Z,short,1.244815,1.2473257618109361,1.2473257618109361,3439,supply,1.2464917014186927,1.247245,active,3,3,2023-05-22T10:30:00Z,1.24636,1.246535,1.244735,1.244815,0.0016152362187259893,2023-05-22T10:00:00Z,8.076181093629947e-05,,1.0
2023-05-23T18:15:00Z,2023-05-23T18:15:00Z,long,1.242135,1.241253930728485,1.241253930728485,3456,demand,1.24134,1.2419,verified,3,3,2023-05-23T18:00:00Z,1.24204,1.242185,1.241825,1.242135,0.0017213854303013035,2023-05-23T18:00:00Z,8.606927151506518e-05,0.13392857142868117,1.0
2023-05-24T13:15:00Z,2023-05-24T13:15:00Z,long,1.240715,1.2390837878599064,1.2390837878599064,3455,demand,1.239185,1.23971,verified,2,3,2023-05-24T13:00:00Z,1.240235,1.241535,1.239605,1.240715,0.0020242428018723653,2023-05-24T13:00:00Z,0.00010121214009361827,0.2,1.0
2023-06-07T03:15:00Z,2023-06-07T03:15:00Z,short,1.24243,1.2431992642694738,1.2431992642694738,3505,supply,1.242625,1.24314,active,3,3,2023-06-07T03:00:00Z,1.24254,1.242625,1.242165,1.24243,0.0011852853894770818,2023-06-07T03:00:00Z,5.926426947385409e-05,,1.0
2023-06-20T09:30:00Z,2023-06-20T09:30:00Z,long,1.27859,1.2767533261759518,1.2767533261759518,3547,demand,1.27684,1.27741,rejected,2,2,2023-06-20T09:15:00Z,1.27767,1.27879,1.277335,1.27859,0.0017334764809629048,2023-06-20T09:00:00Z,8.667382404814525e-05,0.13157894736812376,1.0
2023-06-22T11:15:00Z,2023-06-22T11:15:00Z,short,1.276295,1.2807548741178882,1.2807548741178882,3555,supply,1.2798942153824737,1.28067,rejected,2,2,2023-06-22T11:00:00Z,1.27859,1.284585,1.273785,1.276295,0.0016974823577640048,2023-06-22T11:00:00Z,8.487411788820025e-05,,1.0
2023-06-27T08:00:00Z,2023-06-27T08:00:00Z,short,1.273485,1.2750020192231202,1.2750020192231202,3569,supply,1.27427,1.27493,touched,3,3,2023-06-27T07:45:00Z,1.27383,1.27436,1.273225,1.273485,0.0014403844624035454,2023-06-27T08:00:00Z,7.201922312017727e-05,,1.0
2023-07-03T16:45:00Z,2023-07-03T16:45:00Z,short,1.26982,1.2708400465038572,1.2708400465038572,3579,supply,1.27036,1.270745,rejected,3,4,2023-07-03T16:30:00Z,1.270065,1.27049,1.269775,1.26982,0.0019009300771428944,2023-07-03T16:00:00Z,9.504650385714473e-05,,1.0
2023-07-05T13:45:00Z,2023-07-05T13:45:00Z,short,1.272325,1.2740158650036046,1.2740158650036046,3574,supply,1.273375,1.273945,active,3,3,2023-07-05T13:30:00Z,1.27313,1.273375,1.272325,1.272325,0.0014173000720907418,2023-07-05T13:00:00Z,7.08650036045371e-05,,1.0
2023-07-06T05:00:00Z,2023-07-06T05:00:00Z,long,1.2704,1.2689803884259465,1.2689803884259465,3601,demand,1.269045,1.269655,touched,5,5,2023-07-06T04:45:00Z,1.269745,1.270425,1.26954,1.2704,0.001292231481070547,2023-07-06T05:00:00Z,6.461157405352735e-05,0.18852459016407763,1.0
2023-07-31T00:15:00Z,2023-07-31T00:15:00Z,long,1.285685,1.2845191068605972,1.2845191068605972,3671,demand,1.284615,1.285235,active,3,3,2023-07-31T00:00:00Z,1.285355,1.28585,1.285195,1.285685,0.0019178627880583597,2023-07-31T00:00:00Z,9.589313940291799e-05,0.0645161290319808,1.0
2023-08-07T11:15:00Z,2023-08-07T11:15:00Z,long,1.2731,1.2718286120122324,1.2718286120122324,3714,demand,1.271915,1.272845,rejected,2,3,2023-08-07T11:00:00Z,1.273025,1.27332,1.272715,1.2731,0.001727759755350258,2023-08-07T11:00:00Z,8.638798776751291e-05,0.13978494623650523,1.0
2023-08-09T12:00:00Z,2023-08-09T12:00:00Z,short,1.273435,1.2748714004463229,1.2748714004463229,3707,supply,1.274095,1.274795,verified,3,4,2023-08-09T11:45:00Z,1.273745,1.27419,1.273435,1.273435,0.0015280089264590895,2023-08-09T12:00:00Z,7.640044632295448e-05,,1.0
2023-08-09T14:30:00Z,2023-08-09T14:30:00Z,short,1.273835,1.2754774422215744,1.2754774422215744,3728,supply,1.27462,1.275395,verified,3,3,2023-08-09T14:15:00Z,1.274525,1.274825,1.273575,1.273835,0.0016488444314876876,2023-08-09T14:00:00Z,8.244222157438439e-05,,1.0
2023-08-10T02:15:00Z,2023-08-10T02:15:00Z,long,1.27228,1.2707103400133897,1.2707103400133897,3713,demand,1.270775,1.27141,rejected,4,4,2023-08-10T02:00:00Z,1.27161,1.27229,1.271355,1.27228,0.001293199732205496,2023-08-10T02:00:00Z,6.46599866102748e-05,0.08661417322822255,1.0
2023-08-14T07:00:00Z,2023-08-14T07:00:00Z,short,1.267665,1.2686856476345536,1.2686856476345536,3712,supply,1.268025,1.26861,verified,3,4,2023-08-14T06:45:00Z,1.267925,1.2682,1.267475,1.267665,0.0015129526910726205,2023-08-14T07:00:00Z,7.564763455363102e-05,,1.0
2023-08-14T07:15:00Z,2023-08-14T07:15:00Z,long,1.268545,1.2665293523654464,1.2665293523654464,3739,demand,1.266605,1.267,active,2,2,2023-08-14T07:00:00Z,1.267665,1.269005,1.266985,1.268545,0.0015129526910726205,2023-08-14T07:00:00Z,7.564763455363102e-05,0.03797468354399782,1.0
2023-08-15T09:45:00Z,2023-08-15T09:45:00Z,long,1.271835,1.26962698437146,1.26962698437146,3744,demand,1.269725,1.27078,verified,2,3,2023-08-15T09:30:00Z,1.270865,1.27208,1.27076,1.271835,0.00196031257079886,2023-08-15T09:00:00Z,9.801562853994301e-05,0.01895734597168767,1.0
2023-08-15T13:30:00Z,2023-08-15T13:30:00Z,short,1.27271,1.274244369848936,1.274244369848936,3717,supply,1.273305,1.274135,active,4,4,2023-08-15T13:15:00Z,1.273145,1.274085,1.27245,1.27271,0.0021873969787220586,2023-08-15T13:00:00Z,0.00010936984893610294,,1.0
2023-08-21T02:15:00Z,2023-08-21T02:15:00Z,long,1.27371,1.2725840246500697,1.2725840246500697,3753,demand,1.27266,1.273045,verified,4,4,2023-08-21T02:00:00Z,1.273475,1.27379,1.273,1.27371,0.0015195069986022566,2023-08-21T02:00:00Z,7.597534993011283e-05,0.11688311688328167,1.0
2023-08-21T07:45:00Z,2023-08-21T07:45:00Z,short,1.27381,1.2753395311818578,1.2753395311818578,3755,supply,1.274365,1.27527,rejected,4,5,2023-08-21T07:30:00Z,1.274265,1.274565,1.273435,1.27381,0.0013906236371601778,2023-08-21T07:00:00Z,6.95311818580089e-05,,1.0
2023-08-22T00:30:00Z,2023-08-22T00:30:00Z,short,1.27569,1.276679346311533,1.276679346311533,3766,supply,1.27598,1.27661,touched,2,2,2023-08-22T00:15:00Z,1.275785,1.276025,1.275685,1.27569,0.0013869262306570403,2023-08-22T00:00:00Z,6.934631153285202e-05,,1.0
2023-08-23T19:15:00Z,2023-08-23T19:15:00Z,short,1.271555,1.2724555586575128,1.2724555586575128,3759,supply,1.27184,1.27234,verified,3,3,2023-08-23T19:00:00Z,1.27162,1.272095,1.271455,1.271555,0.0023111731502564103,2023-08-23T19:00:00Z,0.00011555865751282052,,1.0
2023-09-14T06:00:00Z,2023-09-14T06:00:00Z,short,1.24991,1.2506534934221798,1.2506534934221798,3849,supply,1.25011,1.250585,active,3,3,2023-09-14T05:45:00Z,1.250035,1.250115,1.249725,1.24991,0.0013698684435955264,2023-09-14T06:00:00Z,6.849342217977632e-05,,1.0
2023-10-06T12:15:00Z,2023-10-06T12:15:00Z,short,1.22056,1.222109647742031,1.222109647742031,3894,supply,1.221255,1.222035,touched,3,3,2023-10-06T12:00:00Z,1.22123,1.22173,1.220505,1.22056,0.0014929548406194106,2023-10-06T12:00:00Z,7.464774203097053e-05,,1.0
2023-10-11T18:00:00Z,2023-10-11T18:00:00Z,long,1.228745,1.2268746652745866,1.2268746652745866,3949,demand,1.22697,1.22764,active,3,3,2023-10-11T17:45:00Z,1.228045,1.22888,1.227515,1.228745,0.0019066945082651635,2023-10-11T18:00:00Z,9.533472541325818e-05,0.186567164179285,1.0
2023-10-13T12:00:00Z,2023-10-13T12:00:00Z,long,1.21846,1.2163015774647792,1.2163015774647792,3936,demand,1.21639,1.217045,touched,3,3,2023-10-13T11:45:00Z,1.21763,1.218875,1.21703,1.21846,0.0017684507044196933,2023-10-13T12:00:00Z,8.842253522098467e-05,0.022900763358594894,1.0
2023-10-18T06:45:00Z,2023-10-18T06:45:00Z,short,1.219465,1.221290978646743,1.221290978646743,3965,supply,1.22037,1.221215,active,3,3,2023-10-18T06:30:00Z,1.22028,1.220675,1.21946,1.219465,0.00151957293486249,2023-10-18T06:00:00Z,7.59786467431245e-05,,1.0
2023-10-19T01:15:00Z,2023-10-19T01:15:00Z,long,1.2142,1.2132282741472569,1.2132282741472569,3982,demand,1.213305,1.214105,active,2,2,2023-10-19T01:00:00Z,1.214175,1.214515,1.21393,1.2142,0.001534517054862345,2023-10-19T01:00:00Z,7.672585274311726e-05,0.2187500000000694,1.0
2023-10-24T23:00:00Z,2023-10-24T23:00:00Z,long,1.21613,1.2149612416813185,1.2149612416813185,3972,demand,1.21504,1.21586,active,3,3,2023-10-24T22:45:00Z,1.21601,1.21613,1.21581,1.21613,0.0015751663736294811,2023-10-24T23:00:00Z,7.875831868147407e-05,0.06097560975595226,1.0
2023-10-27T09:45:00Z,2023-10-27T09:45:00Z,short,1.2139,1.2148556030657147,1.2148556030657147,3975,supply,1.21427,1.214785,verified,3,3,2023-10-27T09:30:00Z,1.21404,1.21431,1.213685,1.2139,0.0014120613142922043,2023-10-27T09:00:00Z,7.060306571461021e-05,,1.0
2023-11-02T10:45:00Z,2023-11-02T10:45:00Z,short,1.21914,1.2201605702980691,1.2201605702980691,4028,supply,1.219385,1.220075,active,2,2,2023-11-02T10:30:00Z,1.21933,1.21957,1.21866,1.21914,0.0017114059613805809,2023-11-02T10:00:00Z,8.557029806902905e-05,,1.0
2023-11-17T07:00:00Z,2023-11-17T07:00:00Z,short,1.24123,1.2424917564196718,1.2424917564196718,4081,supply,1.241815,1.242425,active,3,3,2023-11-17T06:45:00Z,1.241355,1.24183,1.241225,1.24123,0.0013351283934376155,2023-11-17T07:00:00Z,6.675641967188078e-05,,1.0
2023-12-04T19:30:00Z,2023-12-04T19:30:00Z,long,1.261765,1.2601203272340058,1.2601203272340058,4122,demand,1.260225,1.261055,active,3,3,2023-12-04T19:15:00Z,1.26113,1.261835,1.26104,1.261765,0.002093455319881521,2023-12-04T19:00:00Z,0.00010467276599407606,0.01807228915674254,1.0
2023-12-05T13:30:00Z,2023-12-05T13:30:00Z,long,1.2628,1.2611696090842617,1.2611696090842617,4141,demand,1.26125,1.262315191275375,verified,2,3,2023-12-05T13:15:00Z,1.262725,1.263335,1.262225,1.2628,0.00160781831476434,2023-12-05T13:00:00Z,8.039091573821701e-05,0.0846714364453172,1.0
2023-12-11T01:15:00Z,2023-12-11T01:15:00Z,long,1.2554,1.2543341654295705,1.2543341654295705,4166,demand,1.25442,1.255015,verified,3,4,2023-12-11T01:00:00Z,1.255305,1.255535,1.254965,1.2554,0.0017166914085895233,2023-12-11T01:00:00Z,8.583457042947617e-05,0.08403361344519626,1.0
2023-12-13T08:30:00Z,2023-12-13T08:30:00Z,short,1.252745,1.2542537656558685,1.2542537656558685,4176,supply,1.25349,1.25417,verified,3,4,2023-12-13T08:15:00Z,1.25325,1.25372,1.252715,1.252745,0.0016753131173687524,2023-12-13T08:00:00Z,8.376565586843763e-05,,1.0
2024-01-10T15:15:00Z,2024-01-10T15:15:00Z,short,1.271925,1.273111800056729,1.273111800056729,4229,supply,1.272325,1.273045,rejected,4,4,2024-01-10T15:00:00Z,1.272225,1.272665,1.27164,1.271925,0.0013360011345795667,2024-01-10T15:00:00Z,6.680005672897834e-05,,1.0
2024-01-12T01:00:00Z,2024-01-12T01:00:00Z,long,1.27701,1.2759361631314652,1.2759361631314652,4263,demand,1.276035,1.276725,verified,2,4,2024-01-12T00:45:00Z,1.276765,1.277295,1.276725,1.27701,0.0019767373706980123,2024-01-12T01:00:00Z,9.883686853490062e-05,0.0,1.0
2024-01-19T20:15:00Z,2024-01-19T20:15:00Z,short,1.26969,1.2704917987804343,1.2704917987804343,4261,supply,1.2698,1.270415,touched,3,3,2024-01-19T20:00:00Z,1.269695,1.26992,1.269575,1.26969,0.0015359756086822864,2024-01-19T20:00:00Z,7.679878043411433e-05,,1.0
2024-01-29T08:30:00Z,2024-01-29T08:30:00Z,short,1.27107,1.271686072332028,1.271686072332028,4297,supply,1.271115,1.27163,verified,3,3,2024-01-29T08:15:00Z,1.271085,1.27128,1.270545,1.27107,0.0011214466405583834,2024-01-29T08:00:00Z,5.607233202791917e-05,,1.0
2024-01-30T05:15:00Z,2024-01-30T05:15:00Z,long,1.270765,1.2697205468250976,1.2697205468250976,4304,demand,1.269775,1.2704717399812995,verified,3,4,2024-01-30T05:00:00Z,1.270495,1.2708,1.270385,1.270765,0.001089063498050419,2024-01-30T05:00:00Z,5.445317490252095e-05,0.12449404889556179,1.0
2024-02-14T07:00:00Z,2024-02-14T07:00:00Z,short,1.2605,1.2615894312764981,1.2615894312764981,4352,supply,1.26106,1.26152,verified,3,3,2024-02-14T06:45:00Z,1.260925,1.261125,1.25992,1.2605,0.001388625529961817,2024-02-14T07:00:00Z,6.943127649809086e-05,,1.0
2024-02-14T07:15:00Z,2024-02-14T07:15:00Z,short,1.257085,1.2611644312764982,1.2611644312764982,4371,supply,1.26062,1.261095,touched,2,3,2024-02-14T07:00:00Z,1.2605,1.260725,1.255585,1.257085,0.001388625529961817,2024-02-14T07:00:00Z,6.943127649809086e-05,,1.0
2024-02-16T08:45:00Z,2024-02-16T08:45:00Z,long,1.258235,1.2570119297923399,1.2570119297923399,4378,demand,1.25707,1.257532947294047,verified,3,3,2024-02-16T08:30:00Z,1.257615,1.258285,1.257505,1.258235,0.0011614041532010202,2024-02-16T08:00:00Z,5.807020766005101e-05,0.060368198294586464,1.0
2024-02-29T05:15:00Z,2024-02-29T05:15:00Z,short,1.26662,1.2674646264869989,1.2674646264869989,4428,supply,1.2668,1.26741,touched,4,4,2024-02-29T05:00:00Z,1.266755,1.26697,1.266445,1.26662,0.0010925297399778518,2024-02-29T05:00:00Z,5.4626486998892597e-05,,1.0
2024-02-29T21:00:00Z,2024-02-29T21:00:00Z,long,1.262385,1.2610781431848612,1.2610781431848612,4405,demand,1.261155,1.262085,rejected,3,3,2024-02-29T20:45:00Z,1.26216,1.26251,1.26206,1.262385,0.001537136302775879,2024-02-29T21:00:00Z,7.685681513879396e-05,0.02688172043004848,1.0
2024-03-01T07:15:00Z,2024-03-01T07:15:00Z,long,1.263535,1.262068687114492,1.262068687114492,4397,demand,1.26212,1.262725,verified,4,4,2024-03-01T07:00:00Z,1.262835,1.26359,1.26265,1.263535,0.0010262577101611515,2024-03-01T07:00:00Z,5.131288550805758e-05,0.12396694214879976,1.0
2024-03-05T01:30:00Z,2024-03-05T01:30:00Z,short,1.269005,1.2697362904555105,1.2697362904555105,4431,supply,1.269095,1.26969,verified,2,3,2024-03-05T01:15:00Z,1.26904,1.26927,1.26878,1.269005,0.0009258091102116174,2024-03-05T01:00:00Z,4.629045551058087e-05,,1.0
2024-03-07T08:30:00Z,2024-03-07T08:30:00Z,long,1.273965,1.2729717765413333,1.2729717765413333,4455,demand,1.273027032479914,1.273525,verified,2,3,2024-03-07T08:15:00Z,1.273665,1.27413,1.27344,1.273965,0.0011051187716122934,2024-03-07T08:00:00Z,5.525593858061467e-05,0.17069386369904213,1.0
2024-03-26T12:15:00Z,2024-03-26T12:15:00Z,long,1.26558,1.2646421280158577,1.2646421280158577,4517,demand,1.264695,1.26524,verified,3,3,2024-03-26T12:00:00Z,1.26531,1.265665,1.26517,1.26558,0.0010574396828429934,2024-03-26T12:00:00Z,5.287198414214967e-05,0.1284403669724995,1.0
2024-03-27T17:15:00Z,2024-03-27T17:15:00Z,short,1.26251,1.2639349405676477,1.2639349405676477,4528,supply,1.2633,1.263875,active,4,4,2024-03-27T17:00:00Z,1.26311,1.26348,1.262455,1.26251,0.0011988113529501855,2024-03-27T17:00:00Z,5.994056764750928e-05,,1.0
2024-04-01T12:15:00Z,2024-04-01T12:15:00Z,short,1.260765,1.2619942601856446,1.2619942601856446,4543,supply,1.261655,1.261945,verified,3,3,2024-04-01T12:00:00Z,1.26145,1.26167,1.260735,1.260765,0.0009852037128912706,2024-04-01T12:00:00Z,4.926018564456353e-05,,1.0
2024-04-03T12:00:00Z,2024-04-03T12:00:00Z,short,1.257775,1.2583499860591658,1.2583499860591658,4555,supply,1.25791,1.2583,active,2,2,2024-04-03T11:45:00Z,1.257795,1.257955,1.257425,1.257775,0.000999721183314791,2024-04-03T12:00:00Z,4.998605916573955e-05,,1.0
2024-04-04T02:30:00Z,2024-04-04T02:30:00Z,long,1.26495,1.264220698388417,1.264220698388417,4530,demand,1.2642754238034397,1.264755,verified,3,3,2024-04-04T02:15:00Z,1.264905,1.26496,1.26475,1.26495,0.0010945083004556017,2024-04-04T02:00:00Z,5.472541502278009e-05,0.01042587191752634,1.0
2024-04-09T05:15:00Z,2024-04-09T05:15:00Z,long,1.26588,1.2651794712218745,1.2651794712218745,4561,demand,1.265225,1.265625,active,3,3,2024-04-09T05:00:00Z,1.265655,1.265895,1.265625,1.26588,0.0009105755625112659,2024-04-09T05:00:00Z,4.55287781255633e-05,0.0,1.0
2024-04-10T23:45:00Z,2024-04-10T23:45:00Z,short,1.253755,1.2543200741948282,1.2543200741948282,4551,supply,1.253955,1.25423,verified,2,3,2024-04-10T23:30:00Z,1.2539,1.254035,1.253735,1.253755,0.0018014838965636412,2024-04-10T23:00:00Z,9.007419482818206e-05,,1.0
2024-04-17T16:30:00Z,2024-04-17T16:30:00Z,long,1.24364,1.2416187387555908,1.2416187387555908,4607,demand,1.241705,1.2424996192999005,active,3,3,2024-04-17T16:15:00Z,1.243215,1.24373,1.242435,1.24364,0.0017252248881864968,2024-04-17T16:00:00Z,8.626124440932484e-05,0.08132108030680053,1.0
2024-05-02T06:45:00Z,2024-05-02T06:45:00Z,short,1.252265,1.2551119102231687,1.2551119102231687,4654,supply,1.254245,1.255035,active,3,3,2024-05-02T06:30:00Z,1.25416,1.254275,1.252165,1.252265,0.0015382044633764891,2024-05-02T06:00:00Z,7.691022316882446e-05,,1.0
2024-05-07T00:00:00Z,2024-05-07T00:00:00Z,long,1.255935,1.255188556882981,1.255188556882981,4670,demand,1.25524,1.25584,verified,4,4,2024-05-06T23:45:00Z,1.255845,1.25611,1.25582,1.255935,0.0010288623403754292,2024-05-07T00:00:00Z,5.1443117018771465e-05,0.03333333333354304,1.0
2024-05-07T12:00:00Z,2024-05-07T12:00:00Z,long,1.254455,1.2536607195238003,1.2536607195238003,4668,demand,1.253712381813294,1.25409,rejected,3,3,2024-05-07T11:45:00Z,1.254335,1.25455,1.254015,1.254455,0.001033245789872445,2024-05-07T12:00:00Z,5.166228949362225e-05,0.19861331535453292,1.0
2024-05-14T11:30:00Z,2024-05-14T11:30:00Z,short,1.255525,1.2564200020940592,1.2564200020940592,4702,supply,1.255794014175407,1.25636,active,3,3,2024-05-14T11:15:00Z,1.255705,1.255915,1.25545,1.255525,0.0012000418811858946,2024-05-14T11:00:00Z,6.0002094059294735e-05,,1.0
2024-05-21T11:30:00Z,2024-05-21T11:30:00Z,long,1.271545,1.270762906182064,1.270762906182064,4722,demand,1.270805,1.271175,verified,3,3,2024-05-21T11:15:00Z,1.271235,1.27163,1.271135,1.271545,0.0008418763587190967,2024-05-21T11:00:00Z,4.209381793595484e-05,0.10810810810822165,1.0
2024-05-22T18:45:00Z,2024-05-22T18:45:00Z,long,1.27131,1.270545736633555,1.270545736633555,4720,demand,1.270625,1.271185,active,4,4,2024-05-22T18:30:00Z,1.27128,1.2716,1.271105,1.27131,0.001585267328898104,2024-05-22T18:00:00Z,7.926336644490521e-05,0.14285714285725615,1.0
2024-06-04T12:45:00Z,2024-06-04T12:45:00Z,long,1.276465,1.2753198495315008,1.2753198495315008,4757,demand,1.275385,1.275835,verified,4,4,2024-06-04T12:30:00Z,1.276225,1.276505,1.27581,1.276465,0.001303009369983935,2024-06-04T12:00:00Z,6.515046849919675e-05,0.05555555555541849,1.0
2024-06-06T23:30:00Z,2024-06-06T23:30:00Z,short,1.279085,1.279652260593642,1.279652260593642,4784,supply,1.27924,1.279595,active,4,4,2024-06-06T23:15:00Z,1.279235,1.279265,1.27908,1.279085,0.0011452118728398988,2024-06-06T23:00:00Z,5.726059364199494e-05,,1.0
2024-06-11T01:45:00Z,2024-06-11T01:45:00Z,long,1.273075,1.2722330544104148,1.2722330544104148,4799,demand,1.272285,1.27249,active,3,3,2024-06-11T01:30:00Z,1.272675,1.273085,1.272475,1.273075,0.0010389117917049997,2024-06-11T01:00:00Z,5.194558958524999e-05,0.07317073170678871,1.0
2024-06-20T05:15:00Z,2024-06-20T05:15:00Z,short,1.27128,1.2717256725232793,1.2717256725232793,4821,supply,1.27138,1.27169,verified,3,3,2024-06-20T05:00:00Z,1.271365,1.27149,1.271275,1.27128,0.0007134504655860002,2024-06-20T05:00:00Z,3.567252327930001e-05,,1.0
2024-07-01T05:30:00Z,2024-07-01T05:30:00Z,long,1.266195,1.2654361819682531,1.2654361819682531,4836,demand,1.26549,1.265725,verified,3,3,2024-07-01T05:15:00Z,1.265785,1.266195,1.26567,1.266195,0.0010763606349371495,2024-07-01T05:00:00Z,5.3818031746857474e-05,0.2340425531911476,1.0
2024-07-02T02:15:00Z,2024-07-02T02:15:00Z,long,1.2641,1.263273653354143,1.263273653354143,4861,demand,1.263335,1.264005,active,3,3,2024-07-02T02:00:00Z,1.26402,1.264115,1.263905,1.2641,0.0012269329171397667,2024-07-02T02:00:00Z,6.134664585698834e-05,0.14925373134327863,1.0
2024-07-31T13:00:00Z,2024-07-31T13:00:00Z,short,1.28477,1.285376307550621,1.285376307550621,4950,supply,1.284955,1.28531,verified,2,3,2024-07-31T12:45:00Z,1.284905,1.285295,1.284295,1.28477,0.0013261510124218648,2024-07-31T13:00:00Z,6.630755062109324e-05,,1.0
2024-07-31T20:45:00Z,2024-07-31T20:45:00Z,short,1.28573,1.2867467534793775,1.2867467534793775,4956,supply,1.28621,1.28667,touched,4,4,2024-07-31T20:30:00Z,1.285755,1.286285,1.285725,1.28573,0.0015350695875503795,2024-07-31T20:00:00Z,7.675347937751898e-05,,1.0
2024-09-08T21:30:00Z,2024-09-08T21:30:00Z,long,1.312525,1.3108615436237898,1.3108615436237898,5065,demand,1.31097,1.31203,active,4,4,2024-09-08T21:15:00Z,1.311795,1.313115,1.311795,1.312525,0.00216912752420118,2024-09-06T21:00:00Z,0.00010845637621005902,0.2216981132075205,1.0
2024-09-13T06:15:00Z,2024-09-13T06:15:00Z,long,1.31452,1.3135125934055718,1.3135125934055718,5085,demand,1.31357,1.314335,verified,3,3,2024-09-13T06:00:00Z,1.31439,1.3149,1.314325,1.31452,0.0011481318885599398,2024-09-13T06:00:00Z,5.740659442799699e-05,0.013071895424920073,1.0
2024-09-19T02:45:00Z,2024-09-19T02:45:00Z,short,1.318885,1.3206294640213725,1.3206294640213725,5124,supply,1.319515,1.3205089390032443,verified,4,4,2024-09-19T02:30:00Z,1.31938,1.319655,1.31878,1.318885,0.002410500362563077,2024-09-19T02:00:00Z,0.00012052501812815386,,1.0
2024-10-07T01:00:00Z,2024-10-07T01:00:00Z,short,1.312235,1.3132793934805167,1.3132793934805167,5189,supply,1.312535,1.313195,active,4,4,2024-10-07T00:45:00Z,1.31243,1.312605,1.311995,1.312235,0.0016878696103352112,2024-10-07T01:00:00Z,8.439348051676057e-05,,1.0
2024-10-11T02:00:00Z,2024-10-11T02:00:00Z,short,1.305835,1.3065231752397948,1.3065231752397948,5206,supply,1.305855,1.306445,active,3,3,2024-10-11T01:45:00Z,1.305845,1.305955,1.30563,1.305835,0.0015635047958946781,2024-10-11T02:00:00Z,7.817523979473392e-05,,1.0
2024-10-16T02:00:00Z,2024-10-16T02:00:00Z,long,1.30735,1.3063445157220641,1.3063445157220641,5212,demand,1.306405,1.30691,touched,3,4,2024-10-16T01:45:00Z,1.30724,1.307355,1.30691,1.30735,0.0012096855587166438,2024-10-16T02:00:00Z,6.048427793583219e-05,0.0,1.0
2024-10-22T00:15:00Z,2024-10-22T00:15:00Z,long,1.298355,1.297647692590279,1.297647692590279,5232,demand,1.2977,1.29824,active,2,2,2024-10-22T00:00:00Z,1.29827,1.298515,1.298145,1.298355,0.0010461481944235725,2024-10-22T00:00:00Z,5.230740972117863e-05,0.17592592592584977,1.0
2024-10-30T08:00:00Z,2024-10-30T08:00:00Z,long,1.300845,1.2994855601169615,1.2994855601169615,5233,demand,1.29954,1.300155,rejected,3,3,2024-10-30T07:45:00Z,1.30035,1.30108,1.300025,1.300845,0.0010887976607691714,2024-10-30T08:00:00Z,5.4439883038458576e-05,0.21138211382106775,1.0
2024-11-05T12:15:00Z,2024-11-05T12:15:00Z,short,1.2985,1.2999683531826083,1.2999683531826083,5262,supply,1.299245,1.299905,touched,3,3,2024-11-05T12:00:00Z,1.29912,1.29946,1.29842,1.2985,0.0012670636521629843,2024-11-05T12:00:00Z,6.335318260814922e-05,,1.0
2024-11-28T15:45:00Z,2024-11-28T15:45:00Z,short,1.267745,1.2687353883324586,1.2687353883324586,5338,supply,1.26803,1.268665,active,3,3,2024-11-28T15:30:00Z,1.268015,1.268175,1.26708,1.267745,0.001407766649172351,2024-11-28T15:00:00Z,7.038833245861755e-05,,1.0
2024-12-04T12:30:00Z,2024-12-04T12:30:00Z,short,1.267415,1.268493248761386,1.268493248761386,5372,supply,1.267885,1.26839,verified,2,4,2024-12-04T12:15:00Z,1.2677,1.26803,1.26741,1.267415,0.0020649752277215002,2024-12-04T12:00:00Z,0.00010324876138607502,,1.0
2024-12-05T16:30:00Z,2024-12-05T16:30:00Z,long,1.27554,1.2741483964050555,1.2741483964050555,5374,demand,1.2742366637275302,1.275025,verified,2,3,2024-12-05T16:15:00Z,1.27511,1.275665,1.274945,1.27554,0.0017653464494958356,2024-12-05T16:00:00Z,8.826732247479178e-05,0.10147953708819926,1.0
2024-12-09T23:45:00Z,2024-12-09T23:45:00Z,long,1.27484,1.2739070988906158,1.2739070988906158,5398,demand,1.273985,1.274565,touched,2,4,2024-12-09T23:30:00Z,1.27461,1.275035,1.274545,1.27484,0.0015580221876828123,2024-12-09T23:15:00Z,7.790110938414062e-05,0.03448275862053124,1.0
2024-12-10T10:45:00Z,2024-12-10T10:45:00Z,short,1.27564,1.2764034406540883,1.2764034406540883,5397,supply,1.275945,1.276335,active,3,3,2024-12-10T10:30:00Z,1.27579,1.276195,1.27557,1.27564,0.0013688130817676209,2024-12-10T10:00:00Z,6.844065408838105e-05,,1.0
2024-12-16T16:30:00Z,2024-12-16T16:30:00Z,short,1.2688,1.2702529815460124,1.2702529815460124,5388,supply,1.26974,1.27017,verified,2,4,2024-12-16T16:15:00Z,1.269335,1.26985,1.26831,1.2688,0.0016596309202463434,2024-12-16T16:00:00Z,8.298154601231717e-05,,1.0
2024-12-20T18:00:00Z,2024-12-20T18:00:00Z,short,1.26034,1.2615735661486096,1.2615735661486096,5430,supply,1.260815,1.261455,verified,2,3,2024-12-20T17:45:00Z,1.26056,1.26106,1.260305,1.26034,0.0023713229721938145,2024-12-20T18:00:00Z,0.00011856614860969073,,1.0
2024-12-30T16:30:00Z,2024-12-30T16:30:00Z,short,1.251335,1.2522543349794824,1.2522543349794824,5464,supply,1.251845,1.252155,verified,3,3,2024-12-30T16:15:00Z,1.251775,1.25326,1.250795,1.251335,0.0019866995896493864,2024-12-30T16:00:00Z,9.933497948246933e-05,,1.0
2024-12-31T18:00:00Z,2024-12-31T18:00:00Z,long,1.25185,1.2504183863862335,1.2504183863862335,5472,demand,1.25051,1.25126,active,3,3,2024-12-31T17:45:00Z,1.251445,1.252385,1.25124,1.25185,0.001832272275330872,2024-12-31T18:00:00Z,9.16136137665436e-05,0.026666666666840356,1.0
2025-01-06T12:30:00Z,2025-01-06T12:30:00Z,short,1.253105,1.2549583075030701,1.2549583075030701,5465,supply,1.254195,1.254855,touched,3,3,2025-01-06T12:15:00Z,1.25402,1.25472,1.25309,1.253105,0.0020661500614006785,2025-01-06T12:00:00Z,0.00010330750307003393,,1.0
2025-01-17T14:00:00Z,2025-01-17T14:00:00Z,short,1.21819,1.2200430090759453,1.2200430090759453,5525,supply,1.21897,1.21995,verified,3,4,2025-01-17T13:45:00Z,1.218745,1.219135,1.21757,1.21819,0.00186018151890507,2025-01-17T14:00:00Z,9.300907594525351e-05,,1.0
2025-01-20T23:15:00Z,2025-01-20T23:15:00Z,long,1.23337,1.2308189828228064,1.2308189828228064,5511,demand,1.2309497174097273,1.232345,verified,2,3,2025-01-20T23:00:00Z,1.232595,1.23376,1.23215,1.23337,0.0026146917384145653,2025-01-20T23:15:00Z,0.00013073458692072827,0.1397566352217033,1.0
2025-01-30T15:15:00Z,2025-01-30T15:15:00Z,long,1.24649,1.245371792448171,1.245371792448171,5578,demand,1.2454615926632688,1.24626,verified,3,4,2025-01-30T15:00:00Z,1.246355,1.247225,1.246135,1.24649,0.0017960043019542478,2025-01-30T15:00:00Z,8.980021509771239e-05,0.1565616875612855,1.0
2025-01-31T02:30:00Z,2025-01-31T02:30:00Z,short,1.2421,1.2431696050977468,1.2431696050977468,5568,supply,1.24246,1.243075,verified,4,4,2025-01-31T02:15:00Z,1.24213,1.24248,1.24203,1.2421,0.0018921019549375977,2025-01-31T02:00:00Z,9.460509774687989e-05,,1.0
2025-02-04T10:30:00Z,2025-02-04T10:30:00Z,short,1.243135,1.244097041523628,1.244097041523628,5577,supply,1.24346,1.243975,verified,3,3,2025-02-04T10:15:00Z,1.24327,1.24347,1.242915,1.243135,0.0024408304725601986,2025-02-04T10:00:00Z,0.00012204152362800994,,1.0
2025-02-04T12:30:00Z,2025-02-04T12:30:00Z,long,1.24057,1.2386297817985044,1.2386297817985044,5581,demand,1.23875,1.239785,rejected,2,4,2025-02-04T12:15:00Z,1.239995,1.240585,1.23975,1.24057,0.002404364029911598,2025-02-04T12:00:00Z,0.0001202182014955799,0.03381642512078331,1.0
2025-02-06T01:15:00Z,2025-02-06T01:15:00Z,long,1.25034,1.2493479378680608,1.2493479378680608,5564,demand,1.249425,1.250215,touched,3,3,2025-02-06T01:00:00Z,1.250305,1.250515,1.250155,1.25034,0.0015412426387852384,2025-02-06T01:00:00Z,7.706213193926193e-05,0.07594936708881751,1.0
2025-02-25T09:00:00Z,2025-02-25T09:00:00Z,long,1.262,1.261128513058323,1.261128513058323,5664,demand,1.2612,1.261845,active,2,2,2025-02-25T08:45:00Z,1.26198,1.26267,1.26178,1.262,0.0014297388335415102,2025-02-25T09:00:00Z,7.148694167707551e-05,0.10077519379876451,1.0
2025-02-25T20:15:00Z,2025-02-25T20:15:00Z,short,1.26681,1.267879516290761,1.267879516290761,5657,supply,1.26708,1.2678,active,3,3,2025-02-25T20:00:00Z,1.266945,1.267225,1.266635,1.26681,0.0015903258152215026,2025-02-25T20:00:00Z,7.951629076107513e-05,,1.0
2025-03-11T17:15:00Z,2025-03-11T17:15:00Z,short,1.293685,1.294693862928625,1.294693862928625,5710,supply,1.29381,1.2946,rejected,2,2,2025-03-11T17:00:00Z,1.293725,1.29382,1.293375,1.293685,0.0018772585725003834,2025-03-11T17:00:00Z,9.386292862501917e-05,,1.0
2025-03-17T03:30:00Z,2025-03-17T03:30:00Z,short,1.29333,1.2941424722321249,1.2941424722321249,5727,supply,1.29354,1.29408,active,3,4,2025-03-17T03:15:00Z,1.2935,1.293645,1.293085,1.29333,0.0012494446425003764,2025-03-17T03:00:00Z,6.247223212501883e-05,,1.0
2025-03-25T01:15:00Z,2025-03-25T01:15:00Z,long,1.292215,1.291031403845942,1.291031403845942,5719,demand,1.291105,1.29166,verified,2,3,2025-03-25T01:00:00Z,1.291725,1.292295,1.291635,1.292215,0.001471923081157744,2025-03-25T01:00:00Z,7.35961540578872e-05,0.04504504504493331,1.0
2025-03-25T18:30:00Z,2025-03-25T18:30:00Z,short,1.295015,1.296162374132335,1.296162374132335,5726,supply,1.295505,1.29609,active,3,3,2025-03-25T18:15:00Z,1.295475,1.29563,1.294905,1.295015,0.0014474826467001148,2025-03-25T18:00:00Z,7.237413233500574e-05,,1.0
2025-03-31T10:45:00Z,2025-03-31T10:45:00Z,long,1.293195,1.292157920445678,1.292157920445678,5746,demand,1.292235,1.29296,touched,4,4,2025-03-31T10:30:00Z,1.29316,1.29355,1.292915,1.293195,0.001541591086442014,2025-03-31T10:00:00Z,7.707955432210071e-05,0.06206896551733432,1.0
2025-04-01T09:45:00Z,2025-04-01T09:45:00Z,short,1.29338,1.2944154806485204,1.2944154806485204,5763,supply,1.2936675231314363,1.29434,active,5,5,2025-04-01T09:30:00Z,1.293405,1.293815,1.29318,1.29338,0.0015096129704086898,2025-04-01T09:00:00Z,7.54806485204345e-05,,1.0
2025-04-01T23:45:00Z,2025-04-01T23:45:00Z,short,1.292345,1.2934300346175172,1.2934300346175172,5762,supply,1.29266,1.293355,touched,3,3,2025-04-01T23:30:00Z,1.292625,1.292755,1.29227,1.292345,0.0015006923503420265,2025-04-01T23:00:00Z,7.503461751710134e-05,,1.0
2025-04-15T03:15:00Z,2025-04-15T03:15:00Z,short,1.31921,1.3202589796746833,1.3202589796746833,5822,supply,1.3196845659452285,1.320145,touched,2,2,2025-04-15T03:00:00Z,1.319575,1.31981,1.31915,1.31921,0.0022795934936669687,2025-04-15T03:00:00Z,0.00011397967468334844,,1.0
2025-04-23T22:00:00Z,2025-04-23T22:00:00Z,long,1.326115,1.324587159144178,1.324587159144178,5831,demand,1.3247,1.325525,active,3,3,2025-04-23T21:45:00Z,1.3256,1.32651,1.32537,1.326115,0.002256817116439637,2025-04-23T21:00:00Z,0.00011284085582198186,0.1878787878789249,1.0
2025-04-25T05:15:00Z,2025-04-25T05:15:00Z,long,1.329205,1.3279235256142887,1.3279235256142887,5839,demand,1.32801,1.32869,verified,4,4,2025-04-25T05:00:00Z,1.32873,1.329225,1.32867,1.329205,0.0017294877142224022,2025-04-25T05:00:00Z,8.647438571112012e-05,0.029411764705747898,1.0
2025-05-15T10:30:00Z,2025-05-15T10:30:00Z,short,1.3292,1.3306075681958505,1.3306075681958505,5877,supply,1.3298538100336232,1.330515,active,3,3,2025-05-15T10:15:00Z,1.329425,1.32996,1.32905,1.3292,0.0018513639170102288,2025-05-15T10:00:00Z,9.256819585051144e-05,,1.0
2025-05-22T14:45:00Z,2025-05-22T14:45:00Z,short,1.342315,1.3441993936822967,1.3441993936822967,5945,supply,1.343245,1.344105,active,2,2,2025-05-22T14:30:00Z,1.343025,1.343685,1.34187,1.342315,0.0018878736459316031,2025-05-22T14:00:00Z,9.439368229658016e-05,,1.0
2025-06-03T05:15:00Z,2025-06-03T05:15:00Z,long,1.352415,1.3514635851960761,1.3514635851960761,5966,demand,1.35154,1.35225,rejected,4,4,2025-06-03T05:00:00Z,1.35239,1.352675,1.35217,1.352415,0.001528296078475788,2025-06-03T05:00:00Z,7.641480392378941e-05,0.11267605633782996,1.0
2025-06-04T18:15:00Z,2025-06-04T18:15:00Z,long,1.356285,1.3551879023887465,1.3551879023887465,5985,demand,1.35528,1.355985,verified,2,3,2025-06-04T18:00:00Z,1.356105,1.356525,1.35585,1.356285,0.0018419522250686343,2025-06-04T18:00:00Z,9.209761125343172e-05,0.19148936170213435,1.0
2025-06-05T00:15:00Z,2025-06-05T00:15:00Z,long,1.355595,1.3539292795633253,1.3539292795633253,5992,demand,1.354005,1.3547017290480188,active,3,3,2025-06-05T00:00:00Z,1.355095,1.355635,1.35466,1.355595,0.0015144087334905312,2025-06-05T00:00:00Z,7.572043667452656e-05,0.059892792093937657,1.0
2025-06-05T12:30:00Z,2025-06-05T12:30:00Z,long,1.358245,1.3559044163197274,1.3559044163197274,5959,demand,1.35598,1.356585,verified,4,4,2025-06-05T12:15:00Z,1.356995,1.358425,1.35657,1.358245,0.0015116736054529422,2025-06-05T12:00:00Z,7.558368027264712e-05,0.024793388429548844,1.0
2025-06-16T17:30:00Z,2025-06-16T17:30:00Z,long,1.359715,1.3583382080171125,1.3583382080171125,6026,demand,1.3584303901584174,1.35936,verified,4,4,2025-06-16T17:15:00Z,1.35962,1.359865,1.35934,1.359715,0.0018436428260960622,2025-06-16T17:00:00Z,9.218214130480311e-05,0.021514402177435995,1.0
2025-06-17T03:45:00Z,2025-06-17T03:45:00Z,long,1.35738,1.3558628902417318,1.3558628902417318,6025,demand,1.35594,1.357045,verified,3,3,2025-06-17T03:30:00Z,1.35728,1.357635,1.35699,1.35738,0.001542195165360536,2025-06-17T03:00:00Z,7.71097582680268e-05,0.04977375565622771,1.0
2025-06-27T05:30:00Z,2025-06-27T05:30:00Z,long,1.372775,1.3715658933411956,1.3715658933411956,6073,demand,1.37165,1.37252,touched,3,3,2025-06-27T05:15:00Z,1.37264,1.37294,1.372435,1.372775,0.0016821331760903946,2025-06-27T05:00:00Z,8.410665880451974e-05,0.09770114942517001,1.0
2025-06-30T19:15:00Z,2025-06-30T19:15:00Z,short,1.37175,1.372414239165671,1.372414239165671,6078,supply,1.372,1.37232,active,3,3,2025-06-30T19:00:00Z,1.37181,1.372085,1.37159,1.37175,0.0018847833134225192,2025-06-30T19:00:00Z,9.423916567112596e-05,,1.0
2025-07-09T01:15:00Z,2025-07-09T01:15:00Z,short,1.35801,1.3598678482447144,1.3598678482447144,6109,supply,1.35892,1.359785,active,3,3,2025-07-09T01:00:00Z,1.35863,1.35893,1.357645,1.35801,0.0016569648942859096,2025-07-09T01:00:00Z,8.284824471429549e-05,,1.0
2025-07-18T07:15:00Z,2025-07-18T07:15:00Z,short,1.34315,1.3441335349450891,1.3441335349450891,6132,supply,1.343465,1.344065,active,3,3,2025-07-18T07:00:00Z,1.343175,1.343965,1.343065,1.34315,0.0013706989017818424,2025-07-18T07:00:00Z,6.853494508909213e-05,,1.0
2025-07-29T21:30:00Z,2025-07-29T21:30:00Z,short,1.335265,1.3362782829691064,1.3362782829691064,6180,supply,1.33538,1.336195,rejected,2,2,2025-07-29T21:15:00Z,1.335325,1.33547,1.335195,1.335265,0.001665659382130128,2025-07-29T21:00:00Z,8.328296910650641e-05,,1.0
2025-08-06T05:30:00Z,2025-08-06T05:30:00Z,short,1.330545,1.3316831133410472,1.3316831133410472,6184,supply,1.330775,1.33162,touched,3,3,2025-08-06T05:15:00Z,1.330675,1.330805,1.330485,1.330545,0.0012622668209415716,2025-08-06T05:00:00Z,6.311334104707859e-05,,1.0
2025-08-08T14:30:00Z,2025-08-08T14:30:00Z,short,1.344005,1.3454203822452317,1.3454203822452317,6221,supply,1.344695,1.34534,active,2,2,2025-08-08T14:15:00Z,1.344315,1.344765,1.34384,1.344005,0.0016076449046356159,2025-08-08T14:00:00Z,8.03822452317808e-05,,1.0
2025-08-11T01:15:00Z,2025-08-11T01:15:00Z,long,1.34445,1.3435821618853092,1.3435821618853092,6178,demand,1.34365,1.344215,active,4,4,2025-08-11T01:00:00Z,1.344275,1.34445,1.344095,1.34445,0.0013567622938152595,2025-08-11T01:00:00Z,6.783811469076297e-05,0.21238938053082043,1.0
2025-08-11T23:45:00Z,2025-08-11T23:45:00Z,short,1.34335,1.3438075509970009,1.3438075509970009,6222,supply,1.343435,1.343745,active,3,3,2025-08-11T23:30:00Z,1.3434,1.343445,1.343245,1.34335,0.0012510199400200268,2025-08-11T23:00:00Z,6.255099700100135e-05,,1.0
2025-08-25T09:30:00Z,2025-08-25T09:30:00Z,long,1.34977,1.3486178338002457,1.3486178338002457,6255,demand,1.348685,1.34938,active,4,4,2025-08-25T09:15:00Z,1.349625,1.34991,1.34938,1.34977,0.0013433239950856174,2025-08-25T09:00:00Z,6.716619975428088e-05,0.0,1.0
2025-08-28T11:45:00Z,2025-08-28T11:45:00Z,short,1.35145,1.3523849694772538,1.3523849694772538,6244,supply,1.35189705795842,1.35232,touched,3,3,2025-08-28T11:30:00Z,1.35189,1.35199,1.35144,1.35145,0.0012993895450772086,2025-08-28T11:00:00Z,6.496947725386044e-05,,1.0
2025-09-02T00:15:00Z,2025-09-02T00:15:00Z,short,1.35395,1.3550467244105422,1.3550467244105422,6295,supply,1.354745,1.355,active,2,2,2025-09-02T00:00:00Z,1.35464,1.354845,1.35385,1.35395,0.0009344882108431264,2025-09-02T00:00:00Z,4.672441054215632e-05,,1.0
2025-10-01T14:15:00Z,2025-10-01T14:15:00Z,short,1.34978,1.3529500921708209,1.3529500921708209,6354,supply,1.35231,1.35286,touched,2,2,2025-10-01T14:00:00Z,1.351605,1.352435,1.349775,1.34978,0.001801843416417717,2025-10-01T14:00:00Z,9.009217082088586e-05,,1.0
2025-10-02T11:45:00Z,2025-10-02T11:45:00Z,long,1.34783,1.3464609713491458,1.3464609713491458,6385,demand,1.34653,1.347185,active,3,3,2025-10-02T11:30:00Z,1.347405,1.348,1.34711,1.34783,0.0013805730170865658,2025-10-02T11:00:00Z,6.90286508543283e-05,0.11450381679395265,1.0
2025-10-06T23:00:00Z,2025-10-06T23:00:00Z,short,1.348175,1.3488434787912391,1.3488434787912391,6387,supply,1.348295,1.348775,rejected,3,3,2025-10-06T22:45:00Z,1.34828,1.34831,1.348155,1.348175,0.0013695758247827007,2025-10-06T23:00:00Z,6.847879123913503e-05,,1.0
2025-10-07T02:45:00Z,2025-10-07T02:45:00Z,short,1.347525,1.3485879256211197,1.3485879256211197,6396,supply,1.34794,1.348525,active,2,2,2025-10-07T02:30:00Z,1.347825,1.34798,1.347475,1.347525,0.0012585124223934447,2025-10-07T02:00:00Z,6.292562111967224e-05,,1.0
2025-10-17T01:15:00Z,2025-10-17T01:15:00Z,short,1.34451,1.345596134952022,1.345596134952022,6391,supply,1.344748093462835,1.34552,touched,3,3,2025-10-17T01:00:00Z,1.34471,1.34514,1.344495,1.34451,0.0015226990404397483,2025-10-17T01:00:00Z,7.613495202198742e-05,,1.0
2025-10-21T14:30:00Z,2025-10-21T14:30:00Z,short,1.338165,1.339402288936373,1.339402288936373,6409,supply,1.33841,1.3393208199868272,verified,3,3,2025-10-21T14:15:00Z,1.33825,1.338685,1.337875,1.338165,0.0016293789909173108,2025-10-21T14:00:00Z,8.146894954586555e-05,,1.0
2025-10-24T06:15:00Z,2025-10-24T06:15:00Z,short,1.331275,1.3333442588051692,1.3333442588051692,6464,supply,1.332965,1.333295,active,3,3,2025-10-24T06:00:00Z,1.331875,1.33316,1.331235,1.331275,0.0009851761033843212,2025-10-24T06:00:00Z,4.9258805169216065e-05,,1.0
2025-11-12T06:00:00Z,2025-11-12T06:00:00Z,short,1.313365,1.314321835604389,1.314321835604389,6511,supply,1.313645,1.31426,verified,3,3,2025-11-12T05:45:00Z,1.31362,1.313755,1.31336,1.313365,0.0012367120877818775,2025-11-12T06:00:00Z,6.183560438909387e-05,,1.0
2025-11-18T08:15:00Z,2025-11-18T08:15:00Z,long,1.31736,1.3144404174318691,1.3144404174318691,6521,demand,1.314505,1.314895,active,3,3,2025-11-18T08:00:00Z,1.315035,1.317725,1.314825,1.31736,0.001291651362616763,2025-11-18T08:00:00Z,6.458256813083815e-05,0.17948717948726708,1.0
2025-11-19T12:15:00Z,2025-11-19T12:15:00Z,short,1.3126,1.3133603040399915,1.3133603040399915,6526,supply,1.312865,1.31328,verified,3,3,2025-11-19T12:00:00Z,1.312715,1.313,1.31238,1.3126,0.0016060807998299657,2025-11-19T12:00:00Z,8.03040399914983e-05,,1.0
2025-11-28T11:30:00Z,2025-11-28T11:30:00Z,short,1.320625,1.3214869563392404,1.3214869563392404,6577,supply,1.321005,1.32142,verified,3,3,2025-11-28T11:15:00Z,1.32086,1.321235,1.320345,1.320625,0.0013391267848052747,2025-11-28T11:00:00Z,6.695633924026374e-05,,1.0
2025-12-07T22:30:00Z,2025-12-07T22:30:00Z,long,1.332775,1.3315451795008835,1.3315451795008835,6608,demand,1.33161,1.332285,active,2,2,2025-12-07T22:15:00Z,1.33253,1.333165,1.332235,1.332775,0.001296409982331778,2025-12-05T22:00:00Z,6.482049911658891e-05,0.0740740740739035,1.0
2025-12-22T00:45:00Z,2025-12-22T00:45:00Z,short,1.33862,1.339493055533962,1.339493055533962,6631,supply,1.338865,1.339425,active,4,4,2025-12-22T00:30:00Z,1.338675,1.33893,1.33839,1.33862,0.0013611106792351143,2025-12-22T00:00:00Z,6.805553396175572e-05,,1.0
2025-12-30T02:15:00Z,2025-12-30T02:15:00Z,short,1.350565,1.3516512364177213,1.3516512364177213,6682,supply,1.35091,1.35158,active,2,2,2025-12-30T02:00:00Z,1.350895,1.351195,1.35041,1.350565,0.0014247283544244324,2025-12-30T02:00:00Z,7.123641772122162e-05,,1.0
2026-01-07T04:15:00Z,2026-01-07T04:15:00Z,short,1.351155,1.3522306280456737,1.3522306280456737,6670,supply,1.35158,1.35217,verified,3,3,2026-01-07T04:00:00Z,1.351435,1.35163,1.351045,1.351155,0.0012125609134727051,2026-01-07T04:00:00Z,6.062804567363526e-05,,1.0
2026-01-07T09:15:00Z,2026-01-07T09:15:00Z,short,1.34897,1.3503383198815269,1.3503383198815269,6687,supply,1.349685,1.350275,verified,3,3,2026-01-07T09:00:00Z,1.34962,1.349795,1.348845,1.34897,0.0012663976305371583,2026-01-07T09:00:00Z,6.331988152685792e-05,,1.0
2026-01-07T11:15:00Z,2026-01-07T11:15:00Z,long,1.34988,1.3487925379592955,1.3487925379592955,6681,demand,1.348855,1.3495300941353308,rejected,4,4,2026-01-07T11:00:00Z,1.34978,1.349975,1.34949,1.34988,0.0012492408140856175,2026-01-07T11:00:00Z,6.246204070428087e-05,0.05939043643303553,1.0
2026-01-15T03:45:00Z,2026-01-15T03:45:00Z,long,1.342995,1.342393676574857,1.342393676574857,6719,demand,1.34245,1.34281,active,3,3,2026-01-15T03:30:00Z,1.342975,1.343005,1.34274,1.342995,0.0011264685028601214,2026-01-15T03:00:00Z,5.6323425143006075e-05,0.19444444444441017,1.0
2026-01-20T09:00:00Z,2026-01-20T09:00:00Z,short,1.34784,1.3486782273020905,1.3486782273020905,6724,supply,1.3481,1.348605,touched,2,2,2026-01-20T08:45:00Z,1.34803,1.348965,1.347795,1.34784,0.001464546041809803,2026-01-20T09:00:00Z,7.322730209049015e-05,,1.0
2026-01-22T11:15:00Z,2026-01-22T11:15:00Z,short,1.342465,1.3460135028769213,1.3460135028769213,6750,supply,1.34511,1.345935,active,2,2,2026-01-22T11:00:00Z,1.344765,1.34528,1.342465,1.342465,0.0015700575384236127,2026-01-22T11:00:00Z,7.850287692118064e-05,,1.0
2026-02-02T07:30:00Z,2026-02-02T07:30:00Z,long,1.368495,1.3669085882844243,1.3669085882844243,6767,demand,1.36702,1.3677,rejected,3,5,2026-02-02T07:15:00Z,1.367925,1.368535,1.367535,1.368495,0.0022282343115122326,2026-02-02T07:00:00Z,0.00011141171557561163,0.2426470588234814,1.0
2026-02-10T14:45:00Z,2026-02-10T14:45:00Z,short,1.367675,1.3705583802405585,1.3705583802405585,6803,supply,1.3695,1.3704724662736767,rejected,3,3,2026-02-10T14:30:00Z,1.36917,1.369675,1.367595,1.367675,0.0017182793376351432,2026-02-10T14:00:00Z,8.591396688175717e-05,,1.0
2026-02-16T13:15:00Z,2026-02-16T13:15:00Z,short,1.363305,1.365466563611956,1.365466563611956,6800,supply,1.364585,1.3654,verified,4,4,2026-02-16T13:00:00Z,1.36425,1.364785,1.363285,1.363305,0.0013312722391219214,2026-02-16T13:00:00Z,6.656361195609607e-05,,1.0
2026-02-16T13:45:00Z,2026-02-16T13:45:00Z,long,1.363085,1.3622484363880438,1.3622484363880438,6798,demand,1.362315,1.36297,verified,4,4,2026-02-16T13:30:00Z,1.363075,1.363155,1.36288,1.363085,0.0013312722391219214,2026-02-16T13:00:00Z,6.656361195609607e-05,0.13740458015253978,1.0
2026-02-25T08:15:00Z,2026-02-25T08:15:00Z,short,1.351905,1.3535907372146128,1.3535907372146128,6860,supply,1.352965,1.353525,touched,2,2,2026-02-25T08:00:00Z,1.352655,1.353405,1.351585,1.351905,0.0013147442922530049,2026-02-25T08:00:00Z,6.573721461265024e-05,,1.0
2026-02-27T08:30:00Z,2026-02-27T08:30:00Z,short,1.34924,1.3504027054373413,1.3504027054373413,6844,supply,1.34958,1.350315,active,3,3,2026-02-27T08:15:00Z,1.34954,1.34993,1.349205,1.34924,0.0017541087468268169,2026-02-27T08:00:00Z,8.770543734134085e-05,,1.0
2026-03-04T08:15:00Z,2026-03-04T08:15:00Z,short,1.33559,1.3373104903263373,1.3373104903263373,6893,supply,1.33596,1.337175,touched,4,4,2026-03-04T08:00:00Z,1.33595,1.336255,1.33504,1.33559,0.0027098065267453226,2026-03-04T08:00:00Z,0.00013549032633726615,,1.0
2026-03-08T22:30:00Z,2026-03-08T22:30:00Z,long,1.333085,1.3304421602630243,1.3304421602630243,6902,demand,1.330585,1.331855,active,2,2,2026-03-08T22:15:00Z,1.331915,1.33386,1.331735,1.333085,0.0028567947395118786,2026-03-08T22:15:00Z,0.00014283973697559393,0.09448818897646469,1.0
2026-03-09T15:30:00Z,2026-03-09T15:30:00Z,short,1.339035,1.341130838949105,1.341130838949105,6888,supply,1.33977,1.340985,active,3,3,2026-03-09T15:15:00Z,1.33973,1.339785,1.338555,1.339035,0.002916778982096362,2026-03-09T15:00:00Z,0.00014583894910481812,,1.0
2026-03-09T20:00:00Z,2026-03-09T20:00:00Z,short,1.34293,1.3457678755339666,1.3457678755339666,6879,supply,1.344525,1.345625,active,3,4,2026-03-09T19:45:00Z,1.34374,1.34461,1.342885,1.34293,0.0028575106793291387,2026-03-09T20:00:00Z,0.00014287553396645695,,1.0
2026-03-10T08:15:00Z,2026-03-10T08:15:00Z,short,1.347065,1.3491707922086764,1.3491707922086764,6869,supply,1.3481,1.349055,active,3,4,2026-03-10T08:00:00Z,1.34773,1.348345,1.346815,1.347065,0.0023158441735295723,2026-03-10T08:00:00Z,0.00011579220867647862,,1.0
2026-03-11T12:00:00Z,2026-03-11T12:00:00Z,short,1.342795,1.3449583774906313,1.3449583774906313,6886,supply,1.343975,1.344855,verified,3,3,2026-03-11T11:45:00Z,1.343225,1.344495,1.34234,1.342795,0.0020675498126265382,2026-03-11T12:00:00Z,0.00010337749063132692,,1.0
2026-03-12T14:15:00Z,2026-03-12T14:15:00Z,long,1.336925,1.335657536915369,1.335657536915369,6905,demand,1.33576,1.336555,touched,3,3,2026-03-12T14:00:00Z,1.336875,1.33749,1.33641,1.336925,0.002049261692622369,2026-03-12T14:00:00Z,0.00010246308463111845,0.18238993710674434,1.0
2026-03-18T11:30:00Z,2026-03-18T11:30:00Z,short,1.334835,1.3375350209576948,1.3375350209576948,6906,supply,1.336835,1.337465,active,4,4,2026-03-18T11:15:00Z,1.336585,1.33713,1.334815,1.334835,0.0014004191538980082,2026-03-18T11:00:00Z,7.002095769490042e-05,,1.0
2026-03-20T18:00:00Z,2026-03-20T18:00:00Z,short,1.333675,1.335215247921098,1.335215247921098,6950,supply,1.33412,1.33508,verified,3,3,2026-03-20T17:45:00Z,1.334105,1.33423,1.33357,1.333675,0.0027049584219580266,2026-03-20T18:00:00Z,0.00013524792109790134,,1.0
2026-03-26T06:30:00Z,2026-03-26T06:30:00Z,long,1.33612,1.3347831448676517,1.3347831448676517,6948,demand,1.334865,1.33529,active,3,3,2026-03-26T06:15:00Z,1.335365,1.33635,1.33523,1.33612,0.0016371026469632645,2026-03-26T06:00:00Z,8.185513234816323e-05,0.14117647058859795,1.0
2026-04-06T08:15:00Z,2026-04-06T08:15:00Z,short,1.32509,1.3270299192882082,1.3270299192882082,6968,supply,1.3257,1.32695,touched,4,4,2026-04-06T08:00:00Z,1.32531,1.325925,1.324635,1.32509,0.0015983857641613467,2026-04-06T08:00:00Z,7.991928820806735e-05,,1.0
2026-04-17T16:30:00Z,2026-04-17T16:30:00Z,short,1.354955,1.3561358737174878,1.3561358737174878,7048,supply,1.355715,1.356045,verified,3,3,2026-04-17T16:15:00Z,1.355225,1.35574,1.35493,1.354955,0.0018174743497550775,2026-04-17T16:00:00Z,9.087371748775388e-05,,1.0
2026-04-20T08:15:00Z,2026-04-20T08:15:00Z,short,1.35008,1.3509755732705686,1.3509755732705686,7062,supply,1.35046,1.35089,active,3,3,2026-04-20T08:00:00Z,1.35027,1.350605,1.34995,1.35008,0.0017114654113744936,2026-04-20T08:00:00Z,8.557327056872468e-05,,1.0
2026-04-23T03:30:00Z,2026-04-23T03:30:00Z,long,1.34857,1.34739867619001,1.34739867619001,7065,demand,1.34747,1.3484,touched,2,2,2026-04-23T03:15:00Z,1.34846,1.348635,1.348305,1.34857,0.0014264761997990808,2026-04-23T03:00:00Z,7.132380998995404e-05,0.10215053763435084,1.0
2026-04-24T14:45:00Z,2026-04-24T14:45:00Z,short,1.350325,1.3518947945467565,1.3518947945467565,7060,supply,1.35104,1.351825,active,3,3,2026-04-24T14:30:00Z,1.350735,1.35118,1.35032,1.350325,0.0013958909351313963,2026-04-24T14:00:00Z,6.979454675656982e-05,,1.0
2026-04-27T10:15:00Z,2026-04-27T10:15:00Z,long,1.355205,1.3542818116835535,1.3542818116835535,7050,demand,1.354345,1.35497,verified,4,4,2026-04-27T10:00:00Z,1.35507,1.355555,1.354915,1.355205,0.0012637663289260788,2026-04-27T10:00:00Z,6.318831644630394e-05,0.08799999999985221,1.0
2026-04-27T21:45:00Z,2026-04-27T21:45:00Z,long,1.35376,1.3528162741918324,1.3528162741918324,7059,demand,1.35288,1.353665,touched,3,4,2026-04-27T21:30:00Z,1.353745,1.35378,1.35364,1.35376,0.0012745161633537282,2026-04-27T21:00:00Z,6.372580816768641e-05,0.03184713375789512,1.0
2026-05-12T02:00:00Z,2026-05-12T02:00:00Z,long,1.35873,1.3578107691713472,1.3578107691713472,7118,demand,1.35788,1.35836,active,3,3,2026-05-12T01:45:00Z,1.358555,1.358855,1.358315,1.35873,0.0013846165730559436,2026-05-12T02:00:00Z,6.923082865279718e-05,0.09375000000014456,1.0
2026-05-13T00:00:00Z,2026-05-13T00:00:00Z,short,1.353525,1.3545104467478917,1.3545104467478917,7114,supply,1.353805,1.35443,active,4,4,2026-05-12T23:45:00Z,1.35371,1.35383,1.353485,1.353525,0.0016089349578312445,2026-05-13T00:00:00Z,8.044674789156223e-05,,1.0
2026-06-03T03:15:00Z,2026-06-03T03:15:00Z,short,1.346205,1.34707846077209,1.34707846077209,7175,supply,1.346325,1.347025,verified,4,4,2026-06-03T03:00:00Z,1.346315,1.346485,1.346175,1.346205,0.001069215441803484,2026-06-03T03:00:00Z,5.3460772090174204e-05,,1.0
2026-06-12T19:00:00Z,2026-06-12T19:00:00Z,short,1.341585,1.3426711101921787,1.3426711101921787,7216,supply,1.342045,1.34259,touched,4,4,2026-06-12T18:45:00Z,1.34198,1.34206,1.341455,1.341585,0.001622203843574575,2026-06-12T19:00:00Z,8.111019217872876e-05,,1.0
2026-06-16T01:15:00Z,2026-06-16T01:15:00Z,short,1.34111,1.3423534376689121,1.3423534376689121,7217,supply,1.3416,1.342295,verified,3,3,2026-06-16T01:00:00Z,1.34138,1.341825,1.341105,1.34111,0.0011687533782415466,2026-06-16T01:00:00Z,5.8437668912077336e-05,,1.0
2026-06-17T12:15:00Z,2026-06-17T12:15:00Z,long,1.34068,1.3399311274486019,1.3399311274486019,7239,demand,1.339985,1.34042,touched,3,3,2026-06-17T12:00:00Z,1.3405,1.340815,1.34038,1.34068,0.0010774510279640771,2026-06-17T12:00:00Z,5.387255139820386e-05,0.09195402298860549,1.0
2026-06-22T19:00:00Z,2026-06-22T19:00:00Z,long,1.324355,1.323280817153944,1.323280817153944,7270,demand,1.32337,1.324145,verified,2,3,2026-06-22T18:45:00Z,1.324255,1.324585,1.32414,1.324355,0.0017836569211172914,2026-06-22T19:00:00Z,8.918284605586457e-05,0.0064516129029818115,1.0
2026-06-26T02:00:00Z,2026-06-26T02:00:00Z,long,1.319095,1.3181566530695357,1.3181566530695357,7279,demand,1.318225,1.318745,rejected,3,3,2026-06-26T01:45:00Z,1.318995,1.319095,1.3187,1.319095,0.0013669386092857018,2026-06-26T02:00:00Z,6.834693046428509e-05,0.08653846153858882,1.0
2026-06-26T19:15:00Z,2026-06-26T19:15:00Z,long,1.320085,1.3190435481732852,1.3190435481732852,7269,demand,1.319125,1.3199437831828937,active,4,4,2026-06-26T19:00:00Z,1.319975,1.32014,1.319805,1.320085,0.0016290365342968333,2026-06-26T19:00:00Z,8.145182671484167e-05,0.16949930798941593,1.0
2026-06-30T17:15:00Z,2026-06-30T17:15:00Z,short,1.325015,1.3257541690839325,1.3257541690839325,7266,supply,1.325106443636183,1.325675,verified,3,3,2026-06-30T17:00:00Z,1.325095,1.325605,1.325015,1.325015,0.0015833816786533972,2026-06-30T17:00:00Z,7.916908393266987e-05,,1.0
2026-07-07T23:30:00Z,2026-07-07T23:30:00Z,long,1.33525,1.3345315325373788,1.3345315325373788,7313,demand,1.33459,1.335025,verified,3,3,2026-07-07T23:15:00Z,1.335055,1.335355,1.335025,1.33525,0.0011693492524227783,2026-07-07T23:00:00Z,5.8467462621138915e-05,0.0,1.0
2026-07-23T02:30:00Z,2026-07-23T02:30:00Z,short,1.338385,1.3391442118130166,1.3391442118130166,7369,supply,1.33853,1.339095,touched,2,2,2026-07-23T02:15:00Z,1.338425,1.33859,1.33832,1.338385,0.0009842362603309787,2026-07-23T02:00:00Z,4.9211813016548934e-05,,1.0
2026-07-27T11:45:00Z,2026-07-27T11:45:00Z,long,1.331595,1.3305228268418547,1.3305228268418547,7378,demand,1.330585,1.33104,active,2,2,2026-07-27T11:30:00Z,1.33141,1.332025,1.33096,1.331595,0.0012434631629036352,2026-07-27T11:00:00Z,6.217315814518177e-05,0.17582417582431525,1.0
